學年度,分類,縣市,學校名稱,連結,學校電話,學校信箱
109,原住民重點學校-國小,宜蘭,縣立武塔國小,暫不提供,暫不提供,暫不提供
109,原住民重點學校-國小,宜蘭,縣立寒溪國小,暫不提供,暫不提供,暫不提供
109,原住民重點學校-國小,宜蘭,縣立南山國小,暫不提供,暫不提供,暫不提供
109,原住民重點學校-國小,宜蘭,縣立大同國小,暫不提供,暫不提供,暫不提供
109,原住民重點學校-國小,宜蘭,縣立南澳國小,暫不提供,暫不提供,暫不提供
109,原住民重點學校-國小,宜蘭,縣立碧候國小,暫不提供,暫不提供,暫不提供
109,原住民重點學校-國小,宜蘭,縣立四季國小,暫不提供,暫不提供,暫不提供
109,原住民重點學校-國小,宜蘭,縣立金岳國小,暫不提供,暫不提供,暫不提供
109,原住民重點學校-國小,宜蘭,縣立澳花國小,暫不提供,暫不提供,暫不提供
109,原住民重點學校-國小,宜蘭,縣立蓬萊國小,暫不提供,暫不提供,暫不提供
109,原住民重點學校-國小,宜蘭,縣立金洋國小,暫不提供,暫不提供,暫不提供
109,原住民重點學校-國小,宜蘭,縣立東澳國小,暫不提供,暫不提供,暫不提供
109,原住民重點學校-國小,花蓮,縣立光復國小,暫不提供,暫不提供,暫不提供
109,原住民重點學校-國小,花蓮,縣立光華國小,暫不提供,暫不提供,暫不提供
109,原住民重點學校-國小,花蓮,縣立康樂國小,暫不提供,暫不提供,暫不提供
109,原住民重點學校-國小,花蓮,縣立信義國小,暫不提供,暫不提供,暫不提供
109,原住民重點學校-國小,花蓮,縣立林榮國小,暫不提供,暫不提供,暫不提供
109,原住民重點學校-國小,花蓮,縣立西寶國小,暫不提供,暫不提供,暫不提供
109,原住民重點學校-國小,花蓮,縣立瑞美國小,暫不提供,暫不提供,暫不提供
109,原住民重點學校-國小,花蓮,縣立春日國小,暫不提供,暫不提供,暫不提供
109,原住民重點學校-國小,花蓮,縣立中華國小,暫不提供,暫不提供,暫不提供
109,原住民重點學校-國小,花蓮,縣立宜昌國小,暫不提供,暫不提供,暫不提供
109,原住民重點學校-國小,花蓮,縣立新城國小,暫不提供,暫不提供,暫不提供
109,原住民重點學校-國小,花蓮,縣立豐濱國小,暫不提供,暫不提供,暫不提供
109,原住民重點學校-國小,花蓮,縣立北埔國小,暫不提供,暫不提供,暫不提供
109,原住民重點學校-國小,花蓮,縣立月眉國小,暫不提供,暫不提供,暫不提供
109,原住民重點學校-國小,花蓮,縣立卓楓國小,暫不提供,暫不提供,暫不提供
109,原住民重點學校-國小,花蓮,縣立西富國小,暫不提供,暫不提供,暫不提供
109,原住民重點學校-國小,花蓮,縣立見晴國小,暫不提供,暫不提供,暫不提供
109,原住民重點學校-國小,花蓮,縣立北林國小,暫不提供,暫不提供,暫不提供
109,原住民重點學校-國小,花蓮,縣立馬遠國小,暫不提供,暫不提供,暫不提供
109,原住民重點學校-國小,花蓮,縣立水璉國小,暫不提供,暫不提供,暫不提供
109,原住民重點學校-國小,花蓮,縣立觀音國小,暫不提供,暫不提供,暫不提供
109,原住民重點學校-國小,花蓮,縣立瑞北國小,暫不提供,暫不提供,暫不提供
109,原住民重點學校-國小,花蓮,縣立富世國小,暫不提供,暫不提供,暫不提供
109,原住民重點學校-國小,花蓮,縣立水源國小,暫不提供,暫不提供,暫不提供
109,原住民重點學校-國小,花蓮,縣立吳江國小,暫不提供,暫不提供,暫不提供
109,原住民重點學校-國小,花蓮,縣立嘉里國小,暫不提供,暫不提供,暫不提供
109,原住民重點學校-國小,花蓮,縣立源城國小,暫不提供,暫不提供,暫不提供
109,原住民重點學校-國小,花蓮,縣立大禹國小,暫不提供,暫不提供,暫不提供
109,原住民重點學校-國小,花蓮,縣立紅葉國小,暫不提供,暫不提供,暫不提供
109,原住民重點學校-國小,花蓮,縣立富源國小,暫不提供,暫不提供,暫不提供
109,原住民重點學校-國小,花蓮,縣立佳民國小,暫不提供,暫不提供,暫不提供
109,原住民重點學校-國小,花蓮,縣立崇德國小,暫不提供,暫不提供,暫不提供
109,原住民重點學校-國小,花蓮,縣立大榮國小,暫不提供,暫不提供,暫不提供
109,原住民重點學校-國小,花蓮,縣立崙山國小,暫不提供,暫不提供,暫不提供
109,原住民重點學校-國小,花蓮,縣立秀林國小,暫不提供,暫不提供,暫不提供
109,原住民重點學校-國小,花蓮,縣立新社國小,暫不提供,暫不提供,暫不提供
109,原住民重點學校-國小,花蓮,縣立立山國小,暫不提供,暫不提供,暫不提供
109,原住民重點學校-國小,花蓮,縣立舞鶴國小,暫不提供,暫不提供,暫不提供
109,原住民重點學校-國小,花蓮,縣立復興國小,暫不提供,暫不提供,暫不提供
109,原住民重點學校-國小,花蓮,縣立太昌國小,暫不提供,暫不提供,暫不提供
109,原住民重點學校-國小,花蓮,縣立明利國小,暫不提供,暫不提供,暫不提供
109,原住民重點學校-國小,花蓮,縣立靜浦國小,暫不提供,暫不提供,暫不提供
109,原住民重點學校-國小,花蓮,縣立志學國小,暫不提供,暫不提供,暫不提供
109,原住民重點學校-國小,花蓮,縣立卓樂國小,暫不提供,暫不提供,暫不提供
109,原住民重點學校-國小,花蓮,縣立南華國小,暫不提供,暫不提供,暫不提供
109,原住民重點學校-國小,花蓮,縣立長橋國小,暫不提供,暫不提供,暫不提供
109,原住民重點學校-國小,花蓮,縣立大興國小,暫不提供,暫不提供,暫不提供
109,原住民重點學校-國小,花蓮,縣立松浦國小,暫不提供,暫不提供,暫不提供
109,原住民重點學校-國小,花蓮,縣立明恥國小,暫不提供,暫不提供,暫不提供
109,原住民重點學校-國小,花蓮,縣立古風國小,暫不提供,暫不提供,暫不提供
109,原住民重點學校-國小,花蓮,縣立長良國小,暫不提供,暫不提供,暫不提供
109,原住民重點學校-國小,花蓮,縣立銅門國小,暫不提供,暫不提供,暫不提供
109,原住民重點學校-國小,花蓮,縣立西林國小,暫不提供,暫不提供,暫不提供
109,原住民重點學校-國小,花蓮,縣立奇美國小,暫不提供,暫不提供,暫不提供
109,原住民重點學校-國小,花蓮,縣立大進國小,暫不提供,暫不提供,暫不提供
109,原住民重點學校-國小,花蓮,縣立港口國小,暫不提供,暫不提供,暫不提供
109,原住民重點學校-國小,花蓮,縣立卓溪國小,暫不提供,暫不提供,暫不提供
109,原住民重點學校-國小,花蓮,縣立壽豐國小,暫不提供,暫不提供,暫不提供
109,原住民重點學校-國小,花蓮,縣立高寮國小,暫不提供,暫不提供,暫不提供
109,原住民重點學校-國小,花蓮,縣立吉安國小,暫不提供,暫不提供,暫不提供
109,原住民重點學校-國小,花蓮,縣立豐裡國小,暫不提供,暫不提供,暫不提供
109,原住民重點學校-國小,花蓮,縣立太平國小,暫不提供,暫不提供,暫不提供
109,原住民重點學校-國小,花蓮,縣立卓清國小,暫不提供,暫不提供,暫不提供
109,原住民重點學校-國小,花蓮,縣立化仁國小,暫不提供,暫不提供,暫不提供
109,原住民重點學校-國小,花蓮,縣立明里國小,暫不提供,暫不提供,暫不提供
109,原住民重點學校-國小,花蓮,縣立國福國小,暫不提供,暫不提供,暫不提供
109,原住民重點學校-國小,花蓮,縣立永豐國小,暫不提供,暫不提供,暫不提供
109,原住民重點學校-國小,花蓮,縣立德武國小,暫不提供,暫不提供,暫不提供
109,原住民重點學校-國小,花蓮,縣立瑞穗國小,暫不提供,暫不提供,暫不提供
109,原住民重點學校-國小,花蓮,縣立學田國小,暫不提供,暫不提供,暫不提供
109,原住民重點學校-國小,花蓮,縣立樂合國小,暫不提供,暫不提供,暫不提供
109,原住民重點學校-國小,花蓮,縣立鶴岡國小,暫不提供,暫不提供,暫不提供
109,原住民重點學校-國小,花蓮,縣立太巴塱國小,暫不提供,暫不提供,暫不提供
109,原住民重點學校-國小,花蓮,縣立景美國小,暫不提供,暫不提供,暫不提供
109,原住民重點學校-國小,花蓮,縣立溪口國小,暫不提供,暫不提供,暫不提供
109,原住民重點學校-國小,花蓮,縣立和平國小,暫不提供,暫不提供,暫不提供
109,原住民重點學校-國小,花蓮,縣立萬榮國小,暫不提供,暫不提供,暫不提供
109,原住民重點學校-國小,花蓮,縣立文蘭國小,暫不提供,暫不提供,暫不提供
109,原住民重點學校-國小,花蓮,縣立銅蘭國小,暫不提供,暫不提供,暫不提供
109,原住民重點學校-國小,花蓮,縣立鑄強國小,暫不提供,暫不提供,暫不提供
109,原住民重點學校-國小,花蓮,縣立三棧國小,暫不提供,暫不提供,暫不提供
109,原住民重點學校-國小,南投,南投縣仁愛鄉立德鹿谷國民小學,https://hzps.ntct.edu.tw/index.php, 04 9275 2048,暫不提供
109,原住民重點學校-國小,南投,縣立雙龍國小,暫不提供,暫不提供,暫不提供
109,原住民重點學校-國小,南投,縣立希娜巴嵐國小,暫不提供,暫不提供,暫不提供
109,原住民重點學校-國小,南投,縣立發祥國小,暫不提供,暫不提供,暫不提供
109,原住民重點學校-國小,南投,縣立人和國小,暫不提供,暫不提供,暫不提供
109,原住民重點學校-國小,南投,縣立中正國小,暫不提供,暫不提供,暫不提供
109,原住民重點學校-國小,南投,縣立南豐國小,暫不提供,暫不提供,暫不提供
109,原住民重點學校-國小,南投,縣立互助國小,暫不提供,暫不提供,暫不提供
109,原住民重點學校-國小,南投,縣立豐丘國小,暫不提供,暫不提供,暫不提供
109,原住民重點學校-國小,南投,縣立紅葉國小,暫不提供,暫不提供,暫不提供
109,原住民重點學校-國小,南投,縣立久美國小,暫不提供,暫不提供,暫不提供
109,原住民重點學校-國小,南投,縣立都達國小,暫不提供,暫不提供,暫不提供
109,原住民重點學校-國小,南投,縣立潭南國小,暫不提供,暫不提供,暫不提供
109,原住民重點學校-國小,南投,縣立東埔國小,暫不提供,暫不提供,暫不提供
109,原住民重點學校-國小,南投,縣立廬山國小,暫不提供,暫不提供,暫不提供
109,原住民重點學校-國小,南投,縣立春陽國小,暫不提供,暫不提供,暫不提供
109,原住民重點學校-國小,南投,縣立信義國小,暫不提供,暫不提供,暫不提供
109,原住民重點學校-國小,南投,縣立羅娜國小,暫不提供,暫不提供,暫不提供
109,原住民重點學校-國小,南投,縣立同富國小,暫不提供,暫不提供,暫不提供
109,原住民重點學校-國小,南投,縣立清境國小,暫不提供,暫不提供,暫不提供
109,原住民重點學校-國小,南投,縣立力行國小,暫不提供,暫不提供,暫不提供
109,原住民重點學校-國小,南投,縣立親愛國小,暫不提供,暫不提供,暫不提供
109,原住民重點學校-國小,南投,縣立地利國小,暫不提供,暫不提供,暫不提供
109,原住民重點學校-國小,南投,縣立伊達邵國小,暫不提供,暫不提供,暫不提供
109,原住民重點學校-國小,南投,縣立法治國小,暫不提供,暫不提供,暫不提供
109,原住民重點學校-國小,南投,縣立仁愛國小,暫不提供,暫不提供,暫不提供
109,原住民重點學校-國小,南投,縣立萬豐國小,暫不提供,暫不提供,暫不提供
109,原住民重點學校-國小,屏東,屏東縣立光華國民小學,https://www.khps.ptc.edu.tw/nss/p/index,08-7882105,khps124@khps.ptc.edu.tw
109,原住民重點學校-國小,屏東,縣立武潭國小,暫不提供,暫不提供,暫不提供
109,原住民重點學校-國小,屏東,縣立長樂國小,暫不提供,暫不提供,暫不提供
109,原住民重點學校-國小,屏東,縣立霧臺國小,暫不提供,暫不提供,暫不提供
109,原住民重點學校-國小,屏東,縣立青山國小,暫不提供,暫不提供,暫不提供
109,原住民重點學校-國小,屏東,縣立長榮百合國小,暫不提供,暫不提供,暫不提供
109,原住民重點學校-國小,屏東,縣立來義國小,暫不提供,暫不提供,暫不提供
109,原住民重點學校-國小,屏東,縣立佳義國小,暫不提供,暫不提供,暫不提供
109,原住民重點學校-國小,屏東,縣立青葉國小,暫不提供,暫不提供,暫不提供
109,原住民重點學校-國小,屏東,縣立牡丹國小,暫不提供,暫不提供,暫不提供
109,原住民重點學校-國小,屏東,縣立賽嘉國小,暫不提供,暫不提供,暫不提供
109,原住民重點學校-國小,屏東,縣立北葉國小,暫不提供,暫不提供,暫不提供
109,原住民重點學校-國小,屏東,縣立黎明國小,暫不提供,暫不提供,暫不提供
109,原住民重點學校-國小,屏東,縣立望嘉國小,暫不提供,暫不提供,暫不提供
109,原住民重點學校-國小,屏東,縣立地磨兒國小,暫不提供,暫不提供,暫不提供
109,原住民重點學校-國小,屏東,縣立丹路國小,暫不提供,暫不提供,暫不提供
109,原住民重點學校-國小,屏東,縣立石門國小,暫不提供,暫不提供,暫不提供
109,原住民重點學校-國小,屏東,縣立高士國小,暫不提供,暫不提供,暫不提供
109,原住民重點學校-國小,屏東,縣立內獅國小,暫不提供,暫不提供,暫不提供
109,原住民重點學校-國小,屏東,縣立古樓國小,暫不提供,暫不提供,暫不提供
109,原住民重點學校-國小,屏東,縣立口社國小,暫不提供,暫不提供,暫不提供
109,原住民重點學校-國小,屏東,縣立泰武國小,暫不提供,暫不提供,暫不提供
109,原住民重點學校-國小,屏東,縣立楓林國小,暫不提供,暫不提供,暫不提供
109,原住民重點學校-國小,屏東,縣立文樂國小,暫不提供,暫不提供,暫不提供
109,原住民重點學校-國小,屏東,縣立草埔國小,暫不提供,暫不提供,暫不提供
109,原住民重點學校-國小,屏東,縣立古華國小,暫不提供,暫不提供,暫不提供
109,原住民重點學校-國小,屏東,縣立力里國小,暫不提供,暫不提供,暫不提供
109,原住民重點學校-國小,屏東,縣立春日國小,暫不提供,暫不提供,暫不提供
109,原住民重點學校-國小,屏東,縣立萬安國小,暫不提供,暫不提供,暫不提供
109,原住民重點學校-國小,屏東,縣立南和國小,暫不提供,暫不提供,暫不提供
109,原住民重點學校-國小,苗栗,縣立士林國小,暫不提供,暫不提供,暫不提供
109,原住民重點學校-國小,苗栗,縣立蓬萊國小,暫不提供,暫不提供,暫不提供
109,原住民重點學校-國小,苗栗,縣立象鼻國小,暫不提供,暫不提供,暫不提供
109,原住民重點學校-國小,苗栗,縣立永興國小,暫不提供,暫不提供,暫不提供
109,原住民重點學校-國小,苗栗,縣立汶水國小,暫不提供,暫不提供,暫不提供
109,原住民重點學校-國小,苗栗,縣立南庄國小,暫不提供,暫不提供,暫不提供
109,原住民重點學校-國小,苗栗,縣立清安國小,暫不提供,暫不提供,暫不提供
109,原住民重點學校-國小,苗栗,縣立泰興國小,暫不提供,暫不提供,暫不提供
109,原住民重點學校-國小,苗栗,縣立東河國小,暫不提供,暫不提供,暫不提供
109,原住民重點學校-國小,苗栗,縣立梅園國小,暫不提供,暫不提供,暫不提供
109,原住民重點學校-國小,桃園,桃園市龜山區幸福國民小學,http://www.hfps.tyc.edu.tw/,(03)3194072,未提供
109,原住民重點學校-國小,桃園,桃園市龜山區龜山國民小學,https://www.kses.tyc.edu.tw/xoops/,（03）3203571,未提供
109,原住民重點學校-國小,桃園,桃園市八德區瑞豐國民小學,https://www.rfes.tyc.edu.tw/,(03) 3682787、2723098 ,未提供
109,原住民重點學校-國小,桃園,桃園市大勇國民小學,https://www.typs.tyc.edu.tw/,03-3622017,未提供
109,原住民重點學校-國小,桃園,桃園市龍潭區武漢國民小學,https://www.whps.tyc.edu.tw/,03-4792873 ,未提供
109,原住民重點學校-國小,桃園,桃園市東安國民小學,https://www.taps.tyc.edu.tw/,（03）4509571,未提供
109,原住民重點學校-國小,桃園,桃園市中壢區華勛國民小學,https://www.hses.tyc.edu.tw/,03 466 1587,未提供
109,原住民重點學校-國小,桃園,桃園市大溪區田心國民小學,https://www.thes.tyc.edu.tw/,03-3872008,未提供
109,原住民重點學校-國小,桃園,桃園市大溪區仁善國民小學,https://www.rses.tyc.edu.tw/, 03 380 1710,未提供
109,原住民重點學校-國小,桃園,桃園市大溪區大溪國民小學,http://163.30.96.112/xoops/, 03 272 8421,未提供
109,原住民重點學校-國小,桃園,桃園市龜山區福源國民小學,http://www.fyes.tyc.edu.tw/, 03 329 7276,未提供
109,原住民重點學校-國小,桃園,桃園市大溪區百吉國民小學,https://www.pces.tyc.edu.tw/,03-388 3956,未提供
109,原住民重點學校-國小,桃園,市立長興國小,暫不提供,暫不提供,暫不提供
109,原住民重點學校-國小,桃園,市立霞雲國小,暫不提供,暫不提供,暫不提供
109,原住民重點學校-國小,桃園,市立三光國小,暫不提供,暫不提供,暫不提供
109,原住民重點學校-國小,桃園,市立羅浮國小,暫不提供,暫不提供,暫不提供
109,原住民重點學校-國小,桃園,市立奎輝國小,暫不提供,暫不提供,暫不提供
109,原住民重點學校-國小,桃園,市立義盛國小,暫不提供,暫不提供,暫不提供
109,原住民重點學校-國小,桃園,市立巴崚國小,暫不提供,暫不提供,暫不提供
109,原住民重點學校-國小,桃園,市立三民國小,暫不提供,暫不提供,暫不提供
109,原住民重點學校-國小,桃園,市立僑愛國小,暫不提供,暫不提供,暫不提供
109,原住民重點學校-國小,桃園,市立光華國小,暫不提供,暫不提供,暫不提供
109,原住民重點學校-國小,桃園,市立介壽國小,暫不提供,暫不提供,暫不提供
109,原住民重點學校-國小,桃園,市立高義國小,暫不提供,暫不提供,暫不提供
109,原住民重點學校-國小,高雄,市立那瑪夏區民權國小,暫不提供,暫不提供,暫不提供
109,原住民重點學校-國小,高雄,市立茂林國小,暫不提供,暫不提供,暫不提供
109,原住民重點學校-國小,高雄,市立興中國小,暫不提供,暫不提供,暫不提供
109,原住民重點學校-國小,高雄,市立樟山國小,暫不提供,暫不提供,暫不提供
109,原住民重點學校-國小,高雄,市立建山國小,暫不提供,暫不提供,暫不提供
109,原住民重點學校-國小,高雄,市立多納國小,暫不提供,暫不提供,暫不提供
109,原住民重點學校-國小,高雄,市立桃源國小,暫不提供,暫不提供,暫不提供
109,原住民重點學校-國小,高雄,市立寶山國小,暫不提供,暫不提供,暫不提供
109,原住民重點學校-國小,高雄,市立民生國小,暫不提供,暫不提供,暫不提供
109,原住民重點學校-國小,基隆,市立八斗國小,暫不提供,暫不提供,暫不提供
109,原住民重點學校-國小,新北,市立樟樹國小,暫不提供,暫不提供,暫不提供
109,原住民重點學校-國小,新北,市立大同國小,暫不提供,暫不提供,暫不提供
109,原住民重點學校-國小,新北,市立龜山國小,暫不提供,暫不提供,暫不提供
109,原住民重點學校-國小,新北,新北市立德拉楠民族實驗小學,暫不提供,暫不提供,暫不提供
109,原住民重點學校-國小,新竹,縣立石磊國小,暫不提供,暫不提供,暫不提供
109,原住民重點學校-國小,新竹,縣立花園國小,暫不提供,暫不提供,暫不提供
109,原住民重點學校-國小,新竹,縣立錦屏國小,暫不提供,暫不提供,暫不提供
109,原住民重點學校-國小,新竹,縣立新光國小,暫不提供,暫不提供,暫不提供
109,原住民重點學校-國小,新竹,縣立尖石國小,暫不提供,暫不提供,暫不提供
109,原住民重點學校-國小,新竹,縣立秀巒國小,暫不提供,暫不提供,暫不提供
109,原住民重點學校-國小,新竹,縣立竹東國小,暫不提供,暫不提供,暫不提供
109,原住民重點學校-國小,新竹,縣立玉峰國小,暫不提供,暫不提供,暫不提供
109,原住民重點學校-國小,新竹,縣立瑞峰國小,暫不提供,暫不提供,暫不提供
109,原住民重點學校-國小,新竹,縣立嘉興國小,暫不提供,暫不提供,暫不提供
109,原住民重點學校-國小,新竹,縣立上舘國小,暫不提供,暫不提供,暫不提供
109,原住民重點學校-國小,新竹,縣立大同國小,暫不提供,暫不提供,暫不提供
109,原住民重點學校-國小,新竹,縣立五峰國小,暫不提供,暫不提供,暫不提供
109,原住民重點學校-國小,新竹,縣立桃山國小,暫不提供,暫不提供,暫不提供
109,原住民重點學校-國小,新竹,縣立梅花國小,暫不提供,暫不提供,暫不提供
109,原住民重點學校-國小,新竹,縣立新樂國小,暫不提供,暫不提供,暫不提供
109,原住民重點學校-國小,新竹,縣立上舘國小,暫不提供,暫不提供,暫不提供
109,原住民重點學校-國小,新竹,縣立新光國小,暫不提供,暫不提供,暫不提供
109,原住民重點學校-國小,嘉義,縣立山美國小,暫不提供,暫不提供,暫不提供
109,原住民重點學校-國小,嘉義,縣立黎明國小,暫不提供,暫不提供,暫不提供
109,原住民重點學校-國小,嘉義,縣立新美國小,暫不提供,暫不提供,暫不提供
109,原住民重點學校-國小,嘉義,縣立茶山國小,暫不提供,暫不提供,暫不提供
109,原住民重點學校-國小,嘉義,縣立十字國小,暫不提供,暫不提供,暫不提供
109,原住民重點學校-國小,嘉義,縣立達邦國小,暫不提供,暫不提供,暫不提供
109,原住民重點學校-國小,嘉義,縣立來吉國小,暫不提供,暫不提供,暫不提供
109,原住民重點學校-國小,臺中,臺中市大雅區汝鎏國民小學,https://rles.tc.edu.tw/,04 2566 1454,暫不提供
109,原住民重點學校-國小,臺中,市立白冷國小,暫不提供,暫不提供,暫不提供
109,原住民重點學校-國小,臺中,市立平等國小,暫不提供,暫不提供,暫不提供
109,原住民重點學校-國小,臺中,市立自由國小,暫不提供,暫不提供,暫不提供
109,原住民重點學校-國小,臺中,市立博屋瑪國小,暫不提供,暫不提供,暫不提供
109,原住民重點學校-國小,臺中,市立和平區和平國小,暫不提供,暫不提供,暫不提供
109,原住民重點學校-國小,臺中,市立博愛國小,暫不提供,暫不提供,暫不提供
109,原住民重點學校-國小,臺東,縣立鹿野國小,暫不提供,暫不提供,暫不提供
109,原住民重點學校-國小,臺東,縣立廣原國小,暫不提供,暫不提供,暫不提供
109,原住民重點學校-國小,臺東,縣立介達國小,暫不提供,暫不提供,暫不提供
109,原住民重點學校-國小,臺東,縣立豐田國小,暫不提供,暫不提供,暫不提供
109,原住民重點學校-國小,臺東,縣立興隆國小,暫不提供,暫不提供,暫不提供
109,原住民重點學校-國小,臺東,縣立月眉國小,暫不提供,暫不提供,暫不提供
109,原住民重點學校-國小,臺東,縣立康樂國小,暫不提供,暫不提供,暫不提供
109,原住民重點學校-國小,臺東,縣立寧埔國小,暫不提供,暫不提供,暫不提供
109,原住民重點學校-國小,臺東,縣立美和國小,暫不提供,暫不提供,暫不提供
109,原住民重點學校-國小,臺東,縣立桃源國小,暫不提供,暫不提供,暫不提供
109,原住民重點學校-國小,臺東,縣立香蘭國小,暫不提供,暫不提供,暫不提供
109,原住民重點學校-國小,臺東,縣立成功國小,暫不提供,暫不提供,暫不提供
109,原住民重點學校-國小,臺東,縣立賓朗國小,暫不提供,暫不提供,暫不提供
109,原住民重點學校-國小,臺東,縣立三間國小,暫不提供,暫不提供,暫不提供
109,原住民重點學校-國小,臺東,縣立初鹿國小,暫不提供,暫不提供,暫不提供
109,原住民重點學校-國小,臺東,縣立瑞源國小,暫不提供,暫不提供,暫不提供
109,原住民重點學校-國小,臺東,縣立大王國小,暫不提供,暫不提供,暫不提供
109,原住民重點學校-國小,臺東,縣立鸞山國小,暫不提供,暫不提供,暫不提供
109,原住民重點學校-國小,臺東,縣立三民國小,暫不提供,暫不提供,暫不提供
109,原住民重點學校-國小,臺東,縣立初來國小,暫不提供,暫不提供,暫不提供
109,原住民重點學校-國小,臺東,縣立富岡國小,暫不提供,暫不提供,暫不提供
109,原住民重點學校-國小,臺東,縣立加拿國小,暫不提供,暫不提供,暫不提供
109,原住民重點學校-國小,臺東,縣立朗島國小,暫不提供,暫不提供,暫不提供
109,原住民重點學校-國小,臺東,縣立霧鹿國小,暫不提供,暫不提供,暫不提供
109,原住民重點學校-國小,臺東,縣立崁頂國小,暫不提供,暫不提供,暫不提供
109,原住民重點學校-國小,臺東,縣立竹湖國小,暫不提供,暫不提供,暫不提供
109,原住民重點學校-國小,臺東,縣立信義國小,暫不提供,暫不提供,暫不提供
109,原住民重點學校-國小,臺東,縣立椰油國小,暫不提供,暫不提供,暫不提供
109,原住民重點學校-國小,臺東,縣立紅葉國小,暫不提供,暫不提供,暫不提供
109,原住民重點學校-國小,臺東,縣立新園國小,暫不提供,暫不提供,暫不提供
109,原住民重點學校-國小,臺東,縣立豐里國小,暫不提供,暫不提供,暫不提供
109,原住民重點學校-國小,臺東,縣立關山國小,暫不提供,暫不提供,暫不提供
109,原住民重點學校-國小,臺東,縣立萬安國小,暫不提供,暫不提供,暫不提供
109,原住民重點學校-國小,臺東,縣立大武國小,暫不提供,暫不提供,暫不提供
109,原住民重點學校-國小,臺東,縣立岩灣國小,暫不提供,暫不提供,暫不提供
109,原住民重點學校-國小,臺東,縣立福原國小,暫不提供,暫不提供,暫不提供
109,原住民重點學校-國小,臺東,縣立豐年國小,暫不提供,暫不提供,暫不提供
109,原住民重點學校-國小,臺東,縣立臺坂國小,暫不提供,暫不提供,暫不提供
109,原住民重點學校-國小,臺東,縣立新興國小,暫不提供,暫不提供,暫不提供
109,原住民重點學校-國小,臺東,縣立永安國小,暫不提供,暫不提供,暫不提供
109,原住民重點學校-國小,臺東,縣立豐榮國小,暫不提供,暫不提供,暫不提供
109,原住民重點學校-國小,臺東,縣立蘭嶼國小,暫不提供,暫不提供,暫不提供
109,原住民重點學校-國小,臺東,縣立德高國小,暫不提供,暫不提供,暫不提供
109,原住民重點學校-國小,臺東,縣立三仙國小,暫不提供,暫不提供,暫不提供
109,原住民重點學校-國小,臺東,縣立瑞豐國小,暫不提供,暫不提供,暫不提供
109,原住民重點學校-國小,臺東,縣立尚武國小,暫不提供,暫不提供,暫不提供
109,原住民重點學校-國小,臺東,縣立光明國小,暫不提供,暫不提供,暫不提供
109,原住民重點學校-國小,臺東,縣立知本國小,暫不提供,暫不提供,暫不提供
109,原住民重點學校-國小,臺東,縣立海端國小,暫不提供,暫不提供,暫不提供
109,原住民重點學校-國小,臺東,縣立建和國小,暫不提供,暫不提供,暫不提供
109,原住民重點學校-國小,臺東,縣立都蘭國小,暫不提供,暫不提供,暫不提供
109,原住民重點學校-國小,臺東,縣立大南國小,暫不提供,暫不提供,暫不提供
109,原住民重點學校-國小,臺東,縣立仁愛國小,暫不提供,暫不提供,暫不提供
109,原住民重點學校-國小,臺東,縣立卑南國小,暫不提供,暫不提供,暫不提供
109,原住民重點學校-國小,臺東,縣立土坂國小,暫不提供,暫不提供,暫不提供
109,原住民重點學校-國小,臺東,縣立東河國小,暫不提供,暫不提供,暫不提供
109,原住民重點學校-國小,臺東,縣立嘉蘭國小,暫不提供,暫不提供,暫不提供
109,原住民重點學校-國小,臺東,縣立東清國小,暫不提供,暫不提供,暫不提供
109,原住民重點學校-國小,臺東,縣立錦屏國小,暫不提供,暫不提供,暫不提供
109,原住民重點學校-國小,臺東,縣立泰源國小,暫不提供,暫不提供,暫不提供
109,原住民重點學校-國小,臺東,縣立電光國小,暫不提供,暫不提供,暫不提供
109,原住民重點學校-國小,臺東,縣立樟原國小,暫不提供,暫不提供,暫不提供
109,原住民重點學校-國小,臺東,縣立利嘉國小,暫不提供,暫不提供,暫不提供
109,原住民重點學校-國小,臺東,縣立長濱國小,暫不提供,暫不提供,暫不提供
109,原住民重點學校-國小,臺東,縣立武陵國小,暫不提供,暫不提供,暫不提供
109,原住民重點學校-國小,臺東,縣立大鳥國小,暫不提供,暫不提供,暫不提供
109,原住民重點學校-國小,臺東,縣立大溪國小,暫不提供,暫不提供,暫不提供
109,原住民重點學校-國小,臺東,縣立南王國小,暫不提供,暫不提供,暫不提供
109,原住民重點學校-國小,臺東,縣立大坡國小,暫不提供,暫不提供,暫不提供
109,原住民重點學校-國小,臺東,縣立賓茂國小,暫不提供,暫不提供,暫不提供
109,原住民重點學校-國小,臺東,縣立北源國小,暫不提供,暫不提供,暫不提供
109,原住民重點學校-國小,臺東,縣立富山國小,暫不提供,暫不提供,暫不提供
109,原住民重點學校-國小,臺東,縣立安朔國小,暫不提供,暫不提供,暫不提供
109,原住民重點學校-國小,臺東,縣立忠孝國小,暫不提供,暫不提供,暫不提供
109,原住民重點學校-國小,臺東,縣立太平國小,暫不提供,暫不提供,暫不提供
108,原住民重點學校-國小,宜蘭,縣立南澳國小,暫不提供,暫不提供,暫不提供
108,原住民重點學校-國小,宜蘭,縣立澳花國小,暫不提供,暫不提供,暫不提供
108,原住民重點學校-國小,宜蘭,縣立碧候國小,暫不提供,暫不提供,暫不提供
108,原住民重點學校-國小,宜蘭,縣立金洋國小,暫不提供,暫不提供,暫不提供
108,原住民重點學校-國小,宜蘭,縣立寒溪國小,暫不提供,暫不提供,暫不提供
108,原住民重點學校-國小,宜蘭,縣立金岳國小,暫不提供,暫不提供,暫不提供
108,原住民重點學校-國小,宜蘭,縣立東澳國小,暫不提供,暫不提供,暫不提供
108,原住民重點學校-國小,宜蘭,縣立南山國小,暫不提供,暫不提供,暫不提供
108,原住民重點學校-國小,宜蘭,縣立大同國小,暫不提供,暫不提供,暫不提供
108,原住民重點學校-國小,宜蘭,縣立四季國小,暫不提供,暫不提供,暫不提供
108,原住民重點學校-國小,花蓮,縣立瑞北國小,暫不提供,暫不提供,暫不提供
108,原住民重點學校-國小,花蓮,縣立見晴國小,暫不提供,暫不提供,暫不提供
108,原住民重點學校-國小,花蓮,縣立古風國小,暫不提供,暫不提供,暫不提供
108,原住民重點學校-國小,花蓮,縣立高寮國小,暫不提供,暫不提供,暫不提供
108,原住民重點學校-國小,花蓮,縣立佳民國小,暫不提供,暫不提供,暫不提供
108,原住民重點學校-國小,花蓮,縣立太昌國小,暫不提供,暫不提供,暫不提供
108,原住民重點學校-國小,花蓮,縣立西富國小,暫不提供,暫不提供,暫不提供
108,原住民重點學校-國小,花蓮,縣立水璉國小,暫不提供,暫不提供,暫不提供
108,原住民重點學校-國小,花蓮,縣立永豐國小,暫不提供,暫不提供,暫不提供
108,原住民重點學校-國小,花蓮,縣立西寶國小,暫不提供,暫不提供,暫不提供
108,原住民重點學校-國小,花蓮,縣立大進國小,暫不提供,暫不提供,暫不提供
108,原住民重點學校-國小,花蓮,縣立樂合國小,暫不提供,暫不提供,暫不提供
108,原住民重點學校-國小,花蓮,縣立瑞穗國小,暫不提供,暫不提供,暫不提供
108,原住民重點學校-國小,花蓮,縣立舞鶴國小,暫不提供,暫不提供,暫不提供
108,原住民重點學校-國小,花蓮,縣立文蘭國小,暫不提供,暫不提供,暫不提供
108,原住民重點學校-國小,花蓮,縣立北林國小,暫不提供,暫不提供,暫不提供
108,原住民重點學校-國小,花蓮,縣立光華國小,暫不提供,暫不提供,暫不提供
108,原住民重點學校-國小,花蓮,縣立吳江國小,暫不提供,暫不提供,暫不提供
108,原住民重點學校-國小,花蓮,縣立中華國小,暫不提供,暫不提供,暫不提供
108,原住民重點學校-國小,花蓮,縣立大興國小,暫不提供,暫不提供,暫不提供
108,原住民重點學校-國小,花蓮,縣立卓楓國小,暫不提供,暫不提供,暫不提供
108,原住民重點學校-國小,花蓮,縣立光復國小,暫不提供,暫不提供,暫不提供
108,原住民重點學校-國小,花蓮,縣立紅葉國小,暫不提供,暫不提供,暫不提供
108,原住民重點學校-國小,花蓮,縣立新城國小,暫不提供,暫不提供,暫不提供
108,原住民重點學校-國小,花蓮,縣立國福國小,暫不提供,暫不提供,暫不提供
108,原住民重點學校-國小,花蓮,縣立馬遠國小,暫不提供,暫不提供,暫不提供
108,原住民重點學校-國小,花蓮,縣立西林國小,暫不提供,暫不提供,暫不提供
108,原住民重點學校-國小,花蓮,縣立卓清國小,暫不提供,暫不提供,暫不提供
108,原住民重點學校-國小,花蓮,縣立春日國小,暫不提供,暫不提供,暫不提供
108,原住民重點學校-國小,花蓮,縣立太平國小,暫不提供,暫不提供,暫不提供
108,原住民重點學校-國小,花蓮,縣立嘉里國小,暫不提供,暫不提供,暫不提供
108,原住民重點學校-國小,花蓮,縣立宜昌國小,暫不提供,暫不提供,暫不提供
108,原住民重點學校-國小,花蓮,縣立新社國小,暫不提供,暫不提供,暫不提供
108,原住民重點學校-國小,花蓮,縣立康樂國小,暫不提供,暫不提供,暫不提供
108,原住民重點學校-國小,花蓮,縣立鳳林國小,暫不提供,暫不提供,暫不提供
108,原住民重點學校-國小,花蓮,縣立太巴塱國小,暫不提供,暫不提供,暫不提供
108,原住民重點學校-國小,花蓮,縣立靜浦國小,暫不提供,暫不提供,暫不提供
108,原住民重點學校-國小,花蓮,縣立瑞美國小,暫不提供,暫不提供,暫不提供
108,原住民重點學校-國小,花蓮,縣立溪口國小,暫不提供,暫不提供,暫不提供
108,原住民重點學校-國小,花蓮,縣立長良國小,暫不提供,暫不提供,暫不提供
108,原住民重點學校-國小,花蓮,縣立壽豐國小,暫不提供,暫不提供,暫不提供
108,原住民重點學校-國小,花蓮,縣立豐裡國小,暫不提供,暫不提供,暫不提供
108,原住民重點學校-國小,花蓮,縣立水源國小,暫不提供,暫不提供,暫不提供
108,原住民重點學校-國小,花蓮,縣立觀音國小,暫不提供,暫不提供,暫不提供
108,原住民重點學校-國小,花蓮,縣立崙山國小,暫不提供,暫不提供,暫不提供
108,原住民重點學校-國小,花蓮,縣立信義國小,暫不提供,暫不提供,暫不提供
108,原住民重點學校-國小,花蓮,縣立富源國小,暫不提供,暫不提供,暫不提供
108,原住民重點學校-國小,花蓮,縣立明里國小,暫不提供,暫不提供,暫不提供
108,原住民重點學校-國小,花蓮,縣立明恥國小,暫不提供,暫不提供,暫不提供
108,原住民重點學校-國小,花蓮,縣立月眉國小,暫不提供,暫不提供,暫不提供
108,原住民重點學校-國小,花蓮,縣立大榮國小,暫不提供,暫不提供,暫不提供
108,原住民重點學校-國小,花蓮,縣立奇美國小,暫不提供,暫不提供,暫不提供
108,原住民重點學校-國小,花蓮,縣立明利國小,暫不提供,暫不提供,暫不提供
108,原住民重點學校-國小,花蓮,縣立北埔國小,暫不提供,暫不提供,暫不提供
108,原住民重點學校-國小,花蓮,縣立銅門國小,暫不提供,暫不提供,暫不提供
108,原住民重點學校-國小,花蓮,縣立林榮國小,暫不提供,暫不提供,暫不提供
108,原住民重點學校-國小,花蓮,縣立學田國小,暫不提供,暫不提供,暫不提供
108,原住民重點學校-國小,花蓮,縣立三棧國小,暫不提供,暫不提供,暫不提供
108,原住民重點學校-國小,花蓮,縣立化仁國小,暫不提供,暫不提供,暫不提供
108,原住民重點學校-國小,花蓮,縣立銅蘭國小,暫不提供,暫不提供,暫不提供
108,原住民重點學校-國小,花蓮,縣立崇德國小,暫不提供,暫不提供,暫不提供
108,原住民重點學校-國小,花蓮,縣立景美國小,暫不提供,暫不提供,暫不提供
108,原住民重點學校-國小,花蓮,縣立富世國小,暫不提供,暫不提供,暫不提供
108,原住民重點學校-國小,花蓮,縣立南華國小,暫不提供,暫不提供,暫不提供
108,原住民重點學校-國小,花蓮,縣立卓溪國小,暫不提供,暫不提供,暫不提供
108,原住民重點學校-國小,花蓮,縣立德武國小,暫不提供,暫不提供,暫不提供
108,原住民重點學校-國小,花蓮,縣立立山國小,暫不提供,暫不提供,暫不提供
108,原住民重點學校-國小,花蓮,縣立大禹國小,暫不提供,暫不提供,暫不提供
108,原住民重點學校-國小,花蓮,縣立秀林國小,暫不提供,暫不提供,暫不提供
108,原住民重點學校-國小,花蓮,縣立東里國小,暫不提供,暫不提供,暫不提供
108,原住民重點學校-國小,花蓮,縣立和平國小,暫不提供,暫不提供,暫不提供
108,原住民重點學校-國小,花蓮,縣立松浦國小,暫不提供,暫不提供,暫不提供
108,原住民重點學校-國小,花蓮,縣立長橋國小,暫不提供,暫不提供,暫不提供
108,原住民重點學校-國小,花蓮,縣立港口國小,暫不提供,暫不提供,暫不提供
108,原住民重點學校-國小,花蓮,縣立卓樂國小,暫不提供,暫不提供,暫不提供
108,原住民重點學校-國小,花蓮,縣立復興國小,暫不提供,暫不提供,暫不提供
108,原住民重點學校-國小,南投,縣立合作國小,暫不提供,暫不提供,暫不提供
108,原住民重點學校-國小,南投,縣立地利國小,暫不提供,暫不提供,暫不提供
108,原住民重點學校-國小,南投,縣立伊達邵國小,暫不提供,暫不提供,暫不提供
108,原住民重點學校-國小,南投,縣立信義國小,暫不提供,暫不提供,暫不提供
108,原住民重點學校-國小,南投,縣立力行國小,暫不提供,暫不提供,暫不提供
108,原住民重點學校-國小,南投,縣立紅葉國小,暫不提供,暫不提供,暫不提供
108,原住民重點學校-國小,南投,縣立同富國小,暫不提供,暫不提供,暫不提供
108,原住民重點學校-國小,南投,縣立東埔國小,暫不提供,暫不提供,暫不提供
108,原住民重點學校-國小,南投,縣立雙龍國小,暫不提供,暫不提供,暫不提供
108,原住民重點學校-國小,南投,縣立豐丘國小,暫不提供,暫不提供,暫不提供
108,原住民重點學校-國小,南投,縣立南豐國小,暫不提供,暫不提供,暫不提供
108,原住民重點學校-國小,南投,縣立萬豐國小,暫不提供,暫不提供,暫不提供
108,原住民重點學校-國小,南投,縣立中正國小,暫不提供,暫不提供,暫不提供
108,原住民重點學校-國小,南投,縣立廬山國小,暫不提供,暫不提供,暫不提供
108,原住民重點學校-國小,南投,縣立春陽國小,暫不提供,暫不提供,暫不提供
108,原住民重點學校-國小,南投,縣立仁愛國小,暫不提供,暫不提供,暫不提供
108,原住民重點學校-國小,南投,縣立法治國小,暫不提供,暫不提供,暫不提供
108,原住民重點學校-國小,南投,縣立親愛國小,暫不提供,暫不提供,暫不提供
108,原住民重點學校-國小,南投,縣立潭南國小,暫不提供,暫不提供,暫不提供
108,原住民重點學校-國小,南投,縣立羅娜國小,暫不提供,暫不提供,暫不提供
108,原住民重點學校-國小,南投,縣立互助國小,暫不提供,暫不提供,暫不提供
108,原住民重點學校-國小,南投,縣立人和國小,暫不提供,暫不提供,暫不提供
108,原住民重點學校-國小,南投,縣立發祥國小,暫不提供,暫不提供,暫不提供
108,原住民重點學校-國小,南投,縣立新鄉國小,暫不提供,暫不提供,暫不提供
108,原住民重點學校-國小,南投,縣立清境國小,暫不提供,暫不提供,暫不提供
108,原住民重點學校-國小,屏東,縣立石門國小,暫不提供,暫不提供,暫不提供
108,原住民重點學校-國小,屏東,縣立青山國小,暫不提供,暫不提供,暫不提供
108,原住民重點學校-國小,屏東,縣立內獅國小,暫不提供,暫不提供,暫不提供
108,原住民重點學校-國小,屏東,縣立來義國小,暫不提供,暫不提供,暫不提供
108,原住民重點學校-國小,屏東,縣立高士國小,暫不提供,暫不提供,暫不提供
108,原住民重點學校-國小,屏東,縣立牡丹國小,暫不提供,暫不提供,暫不提供
108,原住民重點學校-國小,屏東,縣立古華國小,暫不提供,暫不提供,暫不提供
108,原住民重點學校-國小,屏東,縣立南和國小,暫不提供,暫不提供,暫不提供
108,原住民重點學校-國小,屏東,縣立武潭國小,暫不提供,暫不提供,暫不提供
108,原住民重點學校-國小,屏東,縣立口社國小,暫不提供,暫不提供,暫不提供
108,原住民重點學校-國小,屏東,縣立佳義國小,暫不提供,暫不提供,暫不提供
108,原住民重點學校-國小,屏東,縣立草埔國小,暫不提供,暫不提供,暫不提供
108,原住民重點學校-國小,屏東,縣立長樂國小,暫不提供,暫不提供,暫不提供
108,原住民重點學校-國小,屏東,縣立泰武國小,暫不提供,暫不提供,暫不提供
108,原住民重點學校-國小,屏東,縣立楓林國小,暫不提供,暫不提供,暫不提供
108,原住民重點學校-國小,屏東,縣立春日國小,暫不提供,暫不提供,暫不提供
108,原住民重點學校-國小,屏東,縣立霧臺國小,暫不提供,暫不提供,暫不提供
108,原住民重點學校-國小,屏東,縣立黎明國小,暫不提供,暫不提供,暫不提供
108,原住民重點學校-國小,屏東,縣立古樓國小,暫不提供,暫不提供,暫不提供
108,原住民重點學校-國小,屏東,縣立萬安國小,暫不提供,暫不提供,暫不提供
108,原住民重點學校-國小,屏東,縣立文樂國小,暫不提供,暫不提供,暫不提供
108,原住民重點學校-國小,屏東,縣立丹路國小,暫不提供,暫不提供,暫不提供
108,原住民重點學校-國小,屏東,縣立力里國小,暫不提供,暫不提供,暫不提供
108,原住民重點學校-國小,屏東,縣立望嘉國小,暫不提供,暫不提供,暫不提供
108,原住民重點學校-國小,苗栗,縣立東河國小,暫不提供,暫不提供,暫不提供
108,原住民重點學校-國小,苗栗,縣立清安國小,暫不提供,暫不提供,暫不提供
108,原住民重點學校-國小,苗栗,縣立汶水國小,暫不提供,暫不提供,暫不提供
108,原住民重點學校-國小,苗栗,縣立士林國小,暫不提供,暫不提供,暫不提供
108,原住民重點學校-國小,苗栗,縣立蓬萊國小,暫不提供,暫不提供,暫不提供
108,原住民重點學校-國小,苗栗,縣立南庄國小,暫不提供,暫不提供,暫不提供
108,原住民重點學校-國小,苗栗,縣立永興國小,暫不提供,暫不提供,暫不提供
108,原住民重點學校-國小,苗栗,縣立梅園國小,暫不提供,暫不提供,暫不提供
108,原住民重點學校-國小,桃園,市立奎輝國小,暫不提供,暫不提供,暫不提供
108,原住民重點學校-國小,桃園,市立僑愛國小,暫不提供,暫不提供,暫不提供
108,原住民重點學校-國小,桃園,市立三光國小,暫不提供,暫不提供,暫不提供
108,原住民重點學校-國小,桃園,市立霞雲國小,暫不提供,暫不提供,暫不提供
108,原住民重點學校-國小,桃園,市立長興國小,暫不提供,暫不提供,暫不提供
108,原住民重點學校-國小,桃園,市立高義國小,暫不提供,暫不提供,暫不提供
108,原住民重點學校-國小,桃園,市立光華國小,暫不提供,暫不提供,暫不提供
108,原住民重點學校-國小,桃園,市立三民國小,暫不提供,暫不提供,暫不提供
108,原住民重點學校-國小,桃園,市立介壽國小,暫不提供,暫不提供,暫不提供
108,原住民重點學校-國小,桃園,市立巴崚國小,暫不提供,暫不提供,暫不提供
108,原住民重點學校-國小,桃園,市立羅浮國小,暫不提供,暫不提供,暫不提供
108,原住民重點學校-國小,桃園,市立義盛國小,暫不提供,暫不提供,暫不提供
108,原住民重點學校-國小,高雄,市立民生國小,暫不提供,暫不提供,暫不提供
108,原住民重點學校-國小,高雄,市立那瑪夏區民權國小,暫不提供,暫不提供,暫不提供
108,原住民重點學校-國小,高雄,市立建山國小,暫不提供,暫不提供,暫不提供
108,原住民重點學校-國小,高雄,市立興中國小,暫不提供,暫不提供,暫不提供
108,原住民重點學校-國小,高雄,市立寶山國小,暫不提供,暫不提供,暫不提供
108,原住民重點學校-國小,高雄,市立桃源國小,暫不提供,暫不提供,暫不提供
108,原住民重點學校-國小,基隆,市立八斗國小,暫不提供,暫不提供,暫不提供
108,原住民重點學校-國小,新北,市立樟樹國小,暫不提供,暫不提供,暫不提供
108,原住民重點學校-國小,新北,市立三峽國小,暫不提供,暫不提供,暫不提供
108,原住民重點學校-國小,新北,市立福山國小,暫不提供,暫不提供,暫不提供
108,原住民重點學校-國小,新竹,縣立大同國小,暫不提供,暫不提供,暫不提供
108,原住民重點學校-國小,新竹,縣立玉峰國小,暫不提供,暫不提供,暫不提供
108,原住民重點學校-國小,新竹,縣立新光國小,暫不提供,暫不提供,暫不提供
108,原住民重點學校-國小,新竹,縣立五峰國小,暫不提供,暫不提供,暫不提供
108,原住民重點學校-國小,新竹,縣立錦屏國小,暫不提供,暫不提供,暫不提供
108,原住民重點學校-國小,新竹,縣立梅花國小,暫不提供,暫不提供,暫不提供
108,原住民重點學校-國小,新竹,縣立秀巒國小,暫不提供,暫不提供,暫不提供
108,原住民重點學校-國小,新竹,縣立花園國小,暫不提供,暫不提供,暫不提供
108,原住民重點學校-國小,新竹,縣立石磊國小,暫不提供,暫不提供,暫不提供
108,原住民重點學校-國小,嘉義,縣立新美國小,暫不提供,暫不提供,暫不提供
108,原住民重點學校-國小,嘉義,縣立十字國小,暫不提供,暫不提供,暫不提供
108,原住民重點學校-國小,嘉義,縣立茶山國小,暫不提供,暫不提供,暫不提供
108,原住民重點學校-國小,嘉義,縣立來吉國小,暫不提供,暫不提供,暫不提供
108,原住民重點學校-國小,嘉義,縣立山美國小,暫不提供,暫不提供,暫不提供
108,原住民重點學校-國小,嘉義,縣立黎明國小,暫不提供,暫不提供,暫不提供
108,原住民重點學校-國小,臺中,市立博愛國小,暫不提供,暫不提供,暫不提供
108,原住民重點學校-國小,臺中,市立白冷國小,暫不提供,暫不提供,暫不提供
108,原住民重點學校-國小,臺中,市立平等國小,暫不提供,暫不提供,暫不提供
108,原住民重點學校-國小,臺中,市立和平區和平國小,暫不提供,暫不提供,暫不提供
108,原住民重點學校-國小,臺中,市立梨山國(中)小,暫不提供,暫不提供,暫不提供
108,原住民重點學校-國小,臺中,市立自由國小,暫不提供,暫不提供,暫不提供
108,原住民重點學校-國小,臺東,縣立富岡國小,暫不提供,暫不提供,暫不提供
108,原住民重點學校-國小,臺東,縣立關山國小,暫不提供,暫不提供,暫不提供
108,原住民重點學校-國小,臺東,縣立德高國小,暫不提供,暫不提供,暫不提供
108,原住民重點學校-國小,臺東,縣立蘭嶼國小,暫不提供,暫不提供,暫不提供
108,原住民重點學校-國小,臺東,縣立太平國小,暫不提供,暫不提供,暫不提供
108,原住民重點學校-國小,臺東,縣立信義國小,暫不提供,暫不提供,暫不提供
108,原住民重點學校-國小,臺東,縣立賓茂國小,暫不提供,暫不提供,暫不提供
108,原住民重點學校-國小,臺東,縣立豐年國小,暫不提供,暫不提供,暫不提供
108,原住民重點學校-國小,臺東,縣立竹湖國小,暫不提供,暫不提供,暫不提供
108,原住民重點學校-國小,臺東,縣立東清國小,暫不提供,暫不提供,暫不提供
108,原住民重點學校-國小,臺東,縣立建和國小,暫不提供,暫不提供,暫不提供
108,原住民重點學校-國小,臺東,縣立臺坂國小,暫不提供,暫不提供,暫不提供
108,原住民重點學校-國小,臺東,縣立大武國小,暫不提供,暫不提供,暫不提供
108,原住民重點學校-國小,臺東,縣立萬安國小,暫不提供,暫不提供,暫不提供
108,原住民重點學校-國小,臺東,縣立富山國小,暫不提供,暫不提供,暫不提供
108,原住民重點學校-國小,臺東,縣立光明國小,暫不提供,暫不提供,暫不提供
108,原住民重點學校-國小,臺東,縣立樟原國小,暫不提供,暫不提供,暫不提供
108,原住民重點學校-國小,臺東,縣立加拿國小,暫不提供,暫不提供,暫不提供
108,原住民重點學校-國小,臺東,縣立廣原國小,暫不提供,暫不提供,暫不提供
108,原住民重點學校-國小,臺東,縣立霧鹿國小,暫不提供,暫不提供,暫不提供
108,原住民重點學校-國小,臺東,縣立寧埔國小,暫不提供,暫不提供,暫不提供
108,原住民重點學校-國小,臺東,縣立三民國小,暫不提供,暫不提供,暫不提供
108,原住民重點學校-國小,臺東,縣立大王國小,暫不提供,暫不提供,暫不提供
108,原住民重點學校-國小,臺東,縣立崁頂國小,暫不提供,暫不提供,暫不提供
108,原住民重點學校-國小,臺東,縣立卑南國小,暫不提供,暫不提供,暫不提供
108,原住民重點學校-國小,臺東,縣立瑞豐國小,暫不提供,暫不提供,暫不提供
108,原住民重點學校-國小,臺東,縣立仁愛國小,暫不提供,暫不提供,暫不提供
108,原住民重點學校-國小,臺東,縣立嘉蘭國小,暫不提供,暫不提供,暫不提供
108,原住民重點學校-國小,臺東,縣立香蘭國小,暫不提供,暫不提供,暫不提供
108,原住民重點學校-國小,臺東,縣立知本國小,暫不提供,暫不提供,暫不提供
108,原住民重點學校-國小,臺東,縣立鸞山國小,暫不提供,暫不提供,暫不提供
108,原住民重點學校-國小,臺東,縣立豐田國小,暫不提供,暫不提供,暫不提供
108,原住民重點學校-國小,臺東,縣立安朔國小,暫不提供,暫不提供,暫不提供
108,原住民重點學校-國小,臺東,縣立鹿野國小,暫不提供,暫不提供,暫不提供
108,原住民重點學校-國小,臺東,縣立康樂國小,暫不提供,暫不提供,暫不提供
108,原住民重點學校-國小,臺東,縣立介達國小,暫不提供,暫不提供,暫不提供
108,原住民重點學校-國小,臺東,縣立初鹿國小,暫不提供,暫不提供,暫不提供
108,原住民重點學校-國小,臺東,縣立大鳥國小,暫不提供,暫不提供,暫不提供
108,原住民重點學校-國小,臺東,縣立瑞源國小,暫不提供,暫不提供,暫不提供
108,原住民重點學校-國小,臺東,縣立豐榮國小,暫不提供,暫不提供,暫不提供
108,原住民重點學校-國小,臺東,縣立大溪國小,暫不提供,暫不提供,暫不提供
108,原住民重點學校-國小,臺東,縣立朗島國小,暫不提供,暫不提供,暫不提供
108,原住民重點學校-國小,臺東,縣立大坡國小,暫不提供,暫不提供,暫不提供
108,原住民重點學校-國小,臺東,縣立長濱國小,暫不提供,暫不提供,暫不提供
108,原住民重點學校-國小,臺東,縣立電光國小,暫不提供,暫不提供,暫不提供
108,原住民重點學校-國小,臺東,縣立岩灣國小,暫不提供,暫不提供,暫不提供
108,原住民重點學校-國小,臺東,縣立北源國小,暫不提供,暫不提供,暫不提供
108,原住民重點學校-國小,臺東,縣立海端國小,暫不提供,暫不提供,暫不提供
108,原住民重點學校-國小,臺東,縣立泰源國小,暫不提供,暫不提供,暫不提供
108,原住民重點學校-國小,臺東,縣立興隆國小,暫不提供,暫不提供,暫不提供
108,原住民重點學校-國小,臺東,縣立初來國小,暫不提供,暫不提供,暫不提供
108,原住民重點學校-國小,臺東,縣立都蘭國小,暫不提供,暫不提供,暫不提供
108,原住民重點學校-國小,臺東,縣立賓朗國小,暫不提供,暫不提供,暫不提供
108,原住民重點學校-國小,臺東,縣立紅葉國小,暫不提供,暫不提供,暫不提供
108,原住民重點學校-國小,臺東,縣立忠孝國小,暫不提供,暫不提供,暫不提供
108,原住民重點學校-國小,臺東,縣立尚武國小,暫不提供,暫不提供,暫不提供
108,原住民重點學校-國小,臺東,縣立錦屏國小,暫不提供,暫不提供,暫不提供
108,原住民重點學校-國小,臺東,縣立新園國小,暫不提供,暫不提供,暫不提供
108,原住民重點學校-國小,臺東,縣立三間國小,暫不提供,暫不提供,暫不提供
108,原住民重點學校-國小,臺東,縣立新興國小,暫不提供,暫不提供,暫不提供
108,原住民重點學校-國小,臺東,縣立三仙國小,暫不提供,暫不提供,暫不提供
108,原住民重點學校-國小,臺東,縣立東河國小,暫不提供,暫不提供,暫不提供
108,原住民重點學校-國小,臺東,縣立利嘉國小,暫不提供,暫不提供,暫不提供
108,原住民重點學校-國小,臺東,縣立豐里國小,暫不提供,暫不提供,暫不提供
108,原住民重點學校-國小,臺東,縣立桃源國小,暫不提供,暫不提供,暫不提供
108,原住民重點學校-國小,臺東,縣立武陵國小,暫不提供,暫不提供,暫不提供
107,原住民重點學校-國小,宜蘭,宜蘭縣南澳鄉武塔國民小學,http://blog.ilc.edu.tw/blog/blog/28775,03-9981632,暫無資料提供
107,原住民重點學校-國小,宜蘭,宜蘭縣南澳鄉金岳國民小學,http://blog.ilc.edu.tw/blog/blog/29956,03-9981636,暫無資料提供
107,原住民重點學校-國小,宜蘭,宜蘭縣大同鄉大同國民小學,http://blog.ilc.edu.tw/blog/blog/42675/modules/tadgallery/view.php?sn=49,03-9801172,暫無資料提供
107,原住民重點學校-國小,宜蘭,宜蘭縣南澳鄉碧候國民小學,http://blog.ilc.edu.tw/blog/blog/6061,03-9981634,暫無資料提供
107,原住民重點學校-國小,宜蘭,宜蘭縣南澳鄉澳花國民小學,http://blog.ilc.edu.tw/blog/blog/28531,03-9985108,暫無資料提供
107,原住民重點學校-國小,宜蘭,宜蘭縣大同鄉四季國民小學,http://blog.ilc.edu.tw/blog/blog/35606,03-9809312,暫無資料提供
107,原住民重點學校-國小,宜蘭,宜蘭縣南澳鄉南澳國民小學,http://blog.ilc.edu.tw/blog/blog/6189/post/20418/106844,03-9981228,暫無資料提供
107,原住民重點學校-國小,宜蘭,宜蘭縣大同鄉南山國民小學,http://blog.ilc.edu.tw/blog/blog/18136,03-9809113,暫無資料提供
107,原住民重點學校-國小,宜蘭,宜蘭縣南澳鄉東澳國民小學,http://blog.ilc.edu.tw/blog/blog/32363,03-9986217,暫無資料提供
107,原住民重點學校-國小,宜蘭,宜蘭縣南澳鄉金洋國民小學,http://blog.ilc.edu.tw/blog/blog/6070,03-9981489,暫無資料提供
107,原住民重點學校-國小,宜蘭,宜蘭縣大同鄉寒溪國民小學,http://blog.ilc.edu.tw/blog/blog/9428,03-9515970,暫無資料提供
107,原住民重點學校-國小,花蓮,花蓮縣萬榮鄉萬榮國民小學,http://www.wlops.hlc.edu.tw/,03-8751449　,暫無資料提供
107,原住民重點學校-國小,花蓮,花蓮縣秀林鄉銅蘭國民小學,http://www.tlaps.hlc.edu.tw/,03-8641005 ,暫無資料提供
107,原住民重點學校-國小,花蓮,花蓮縣卓溪鄉古風國民小學,http://www.gfps.hlc.edu.tw/,03-8846058,暫無資料提供
107,原住民重點學校-國小,花蓮,花蓮縣瑞穗鄉富源國民小學,http://www.fyps.hlc.edu.tw/,03-8811029,暫無資料提供
107,原住民重點學校-國小,花蓮,花蓮縣吉安鄉化仁國民小學,http://www.hzps.hlc.edu.tw/,03-8528720,暫無資料提供
107,原住民重點學校-國小,花蓮,花蓮縣秀林鄉文蘭國民小學,http://www.wlps.hlc.edu.tw/,03-8641020 ,暫無資料提供
107,原住民重點學校-國小,花蓮,花蓮縣瑞穗鄉舞鶴國民小學,http://www.whps.hlc.edu.tw/,03-8872394,暫無資料提供
107,原住民重點學校-國小,花蓮,花蓮縣萬榮鄉紅葉國民小學,http://www.hyps.hlc.edu.tw/,03-8872784 ,暫無資料提供
107,原住民重點學校-國小,花蓮,花蓮縣新城鄉嘉里國民小學,http://www.zlips.hlc.edu.tw/,03-8261180,暫無資料提供
107,原住民重點學校-國小,花蓮,花蓮縣鳳林鎮北林國民小學,http://www.blps.hlc.edu.tw/,03-8762554,暫無資料提供
107,原住民重點學校-國小,花蓮,花蓮縣新城鄉北埔國民小學,http://www.bpps.hlc.edu.tw/,03-8264624,暫無資料提供
107,原住民重點學校-國小,花蓮,花蓮縣卓溪鄉卓清國民小學,http://teacher.hlc.edu.tw/?id=1234,03-8801163,暫無資料提供
107,原住民重點學校-國小,花蓮,花蓮縣富里鄉永豐國民小學,http://www.yfps.hlc.edu.tw/,03-8831195,暫無資料提供
107,原住民重點學校-國小,花蓮,花蓮縣卓溪鄉崙山國民小學,http://www.lsaps.hlc.edu.tw/,03-8841350　 ,暫無資料提供
107,原住民重點學校-國小,花蓮,花蓮縣吉安鄉宜昌國民小學,http://www.ycps.hlc.edu.tw/,03-8520209,暫無資料提供
107,原住民重點學校-國小,花蓮,花蓮縣秀林鄉佳民國民小學,http://www.cmps.hlc.edu.tw/,03-8264900,104cmps@cmps.hlc.edu.tw
107,原住民重點學校-國小,花蓮,花蓮縣秀林鄉景美國民小學,http://www.zmps.hlc.edu.tw/,03-8266707,暫無資料提供
107,原住民重點學校-國小,花蓮,花蓮縣萬榮鄉明利國民小學,http://www.mlps.hlc.edu.tw/,03-8751048 ,暫無資料提供
107,原住民重點學校-國小,花蓮,花蓮縣瑞穗鄉瑞北國民小學,http://www.zbps.hlc.edu.tw/,03-8872642 ,rueibei@hlc.edu.tw
107,原住民重點學校-國小,花蓮,花蓮縣萬榮鄉西林國民小學,http://www.slps.hlc.edu.tw/,03-8771064, hlcedu@gmail.com
107,原住民重點學校-國小,花蓮,花蓮縣鳳林鎮長橋國民小學,http://www.chcps.hlc.edu.tw/,03-8751654,cces154640@hlc.edu.tw
107,原住民重點學校-國小,花蓮,花蓮縣卓溪鄉卓楓國民小學,http://www.zfps.hlc.edu.tw/,03-8846027,暫無資料提供
107,原住民重點學校-國小,花蓮,花蓮縣玉里鎮高寮國民小學,http://www.glps.hlc.edu.tw/,03-8851078,暫無資料提供
107,原住民重點學校-國小,花蓮,花蓮縣壽豐鄉平和國民小學,http://www.phps.hlc.edu.tw/,03-8661223,暫無資料提供
107,原住民重點學校-國小,花蓮,花蓮縣花蓮市復興國民小學,http://www.fshps.hlc.edu.tw/,03-8223208 ,暫無資料提供
107,原住民重點學校-國小,花蓮,花蓮縣吉安鄉光華國民小學,http://www.khps.hlc.edu.tw/,03-8421611,暫無資料提供
107,原住民重點學校-國小,花蓮,花蓮縣光復鄉大進國民小學,http://www.dchps.hlc.edu.tw/,03-8701049,暫無資料提供
107,原住民重點學校-國小,花蓮,花蓮縣豐濱鄉靜浦國民小學,http://www.zpps.hlc.edu.tw/,03-8781021,暫無資料提供
107,原住民重點學校-國小,花蓮,花蓮縣秀林鄉和平國民小學,http://www.hpps.hlc.edu.tw/,03-8681056 ,暫無資料提供
107,原住民重點學校-國小,花蓮,花蓮縣鳳林鎮大榮國民小學,http://www.dlps.hlc.edu.tw/,03-8763904,暫無資料提供
107,原住民重點學校-國小,花蓮,花蓮縣豐濱鄉新社國民小學,http://www.ssps.hlc.edu.tw/?id=742,03-8711138,暫無資料提供
107,原住民重點學校-國小,花蓮,花蓮縣玉里鎮長良國民小學,http://www.clps.hlc.edu.tw/,03-8801171,暫無資料提供
107,原住民重點學校-國小,花蓮,花蓮縣花蓮市明恥國民小學,http://www.mcps.hlc.edu.tw/,03-822 2231,暫無資料提供
107,原住民重點學校-國小,花蓮,花蓮縣吉安鄉南華國民小學,http://www.nhps.hlc.edu.tw/,03-8525043 ,暫無資料提供
107,原住民重點學校-國小,花蓮,花蓮縣鳳林鎮林榮國民小學,http://www.dlps.hlc.edu.tw/,03-8763904,暫無資料提供
107,原住民重點學校-國小,花蓮,花蓮縣秀林鄉三棧國民小學,http://www.szps.hlc.edu.tw/,03-8260330,暫無資料提供
107,原住民重點學校-國小,花蓮,花蓮縣瑞穗鄉奇美國民小學,http://www.gmps.hlc.edu.tw/,03-8991077,暫無資料提供
107,原住民重點學校-國小,花蓮,花蓮縣瑞穗鄉鶴岡國民小學,http://www.hgps.hlc.edu.tw/,03-887-2740 ,暫無資料提供
107,原住民重點學校-國小,花蓮,花蓮縣秀林鄉銅門國民小學,http://www.tmps.hlc.edu.tw,03-864 1174,暫無資料提供
107,原住民重點學校-國小,花蓮,花蓮縣瑞穗鄉瑞美國民小學,http://www.zmeps.hlc.edu.tw/?id=1191,03-8872014,暫無資料提供
107,原住民重點學校-國小,花蓮,花蓮縣光復鄉大興國民小學,http://www.dsps.hlc.edu.tw/,03-8702987,暫無資料提供
107,原住民重點學校-國小,花蓮,花蓮縣花蓮市中華國民小學,http://www.chps.hlc.edu.tw/,03-8324308,暫無資料提供
107,原住民重點學校-國小,花蓮,花蓮縣壽豐鄉溪口國民小學,http://www.skps.hlc.edu.tw/?if=end,03-8652275,暫無資料提供
107,原住民重點學校-國小,花蓮,花蓮縣豐濱鄉港口國民小學,http://www.gkps.hlc.edu.tw/,03-8781037 ,暫無資料提供
107,原住民重點學校-國小,花蓮,花蓮縣富里鄉明里國民小學,http://www.mrps.hlc.edu.tw/,03-8846003 ,暫無資料提供
107,原住民重點學校-國小,花蓮,花蓮縣玉里鎮松浦國民小學,http://www.spups.hlc.edu.tw/,03-8851131 ,暫無資料提供
107,原住民重點學校-國小,花蓮,花蓮縣秀林鄉富世國民小學,http://www.fusps.hlc.edu.tw/,03-8611431,暫無資料提供
107,原住民重點學校-國小,花蓮,花蓮縣花蓮市信義國民小學,http://www.syips.hlc.edu.tw/,03-8331163 ,暫無資料提供
107,原住民重點學校-國小,花蓮,花蓮縣卓溪鄉立山國民小學,http://www.lsps.hlc.edu.tw/,03-8841358,暫無資料提供
107,原住民重點學校-國小,花蓮,花蓮縣花蓮市國福國民小學,http://www.gfups.hlc.edu.tw/,03-8561395,暫無資料提供
107,原住民重點學校-國小,花蓮,花蓮縣卓溪鄉卓溪國民小學,http://www.zsps.hlc.edu.tw/,03-8883514,暫無資料提供
107,原住民重點學校-國小,花蓮,花蓮縣玉里鎮觀音國民小學,http://www.gips.hlc.edu.tw/,03-8851006,暫無資料提供
107,原住民重點學校-國小,花蓮,花蓮縣瑞穗鄉瑞穗國民小學,http://www.zshps.hlc.edu.tw/,03-8876366,暫無資料提供
107,原住民重點學校-國小,花蓮,花蓮縣光復鄉太巴塱國民小學,http://www.tplps.hlc.edu.tw/,03-8701134 ,tafalong.tplps@gmail.com 
107,原住民重點學校-國小,花蓮,花蓮縣萬榮鄉馬遠國民小學,http://www.myups.hlc.edu.tw/,03-8811371 ,暫無資料提供
107,原住民重點學校-國小,花蓮,花蓮縣壽豐鄉月眉國民小學,http://www.ymps.hlc.edu.tw/,03-8631011,暫無資料提供
107,原住民重點學校-國小,花蓮,花蓮縣富里鄉吳江國民小學,http://www.wcps.hlc.edu.tw/xoops2/,03-8861242,暫無資料提供
107,原住民重點學校-國小,花蓮,花蓮縣秀林鄉秀林國民小學,http://www.slips.hlc.edu.tw/,03-8611393,暫無資料提供
107,原住民重點學校-國小,花蓮,花蓮縣玉里鎮春日國民小學,http://www.czips.hlc.edu.tw/,03-8872628 ,暫無資料提供
107,原住民重點學校-國小,花蓮,花蓮縣新城鄉康樂國民小學,http://www.klps.hlc.edu.tw/,03-8265597 ,暫無資料提供
107,原住民重點學校-國小,花蓮,花蓮縣卓溪鄉太平國民小學,http://www.tpps.hlc.edu.tw/,03-8841359 ,暫無資料提供
107,原住民重點學校-國小,花蓮,花蓮縣豐濱鄉豐濱國民小學,http://www.fbps.hlc.edu.tw/,03-8791111,暫無資料提供
107,原住民重點學校-國小,花蓮,花蓮縣卓溪鄉卓樂國民小學,http://www.zlps.hlc.edu.tw/,03-8889075　,暫無資料提供
107,原住民重點學校-國小,花蓮,花蓮縣秀林鄉崇德國民小學,http://www.cdps.hlc.edu.tw/,03-8621220 ,暫無資料提供
107,原住民重點學校-國小,花蓮,花蓮縣光復鄉光復國民小學,http://www.kfps.hlc.edu.tw/, 03-8701029,暫無資料提供
107,原住民重點學校-國小,花蓮,花蓮縣萬榮鄉見晴國民小學,http://www.cchps.hlc.edu.tw/,03-8771574,暫無資料提供
107,原住民重點學校-國小,花蓮,花蓮縣新城鄉新城國民小學,http://www.scps.hlc.edu.tw/,03-8611006,暫無資料提供
107,原住民重點學校-國小,花蓮,花蓮縣壽豐鄉豐裡國民小學,http://www.flps.hlc.edu.tw/,03-8652183,暫無資料提供
107,原住民重點學校-國小,花蓮,花蓮縣吉安鄉太昌國民小學,http://www.tacps.hlc.edu.tw/, 03-8571746,tacps@hlc.edu.tw
107,原住民重點學校-國小,花蓮,花蓮縣光復鄉西富國民小學,http://www.sfps.hlc.edu.tw/,03-8702765,暫無資料提供
107,原住民重點學校-國小,花蓮,花蓮縣玉里鎮德武國民小學,http://www.dwes.hlc.edu.tw/,03-8872824,暫無資料提供
107,原住民重點學校-國小,花蓮,花蓮縣玉里鎮大禹國民小學,http://www.dyps.hlc.edu.tw/,03-8883274,暫無資料提供
107,原住民重點學校-國小,花蓮,花蓮縣秀林鄉西寶國民小學,http://www.spps.hlc.edu.tw/,03-8691040 ,暫無資料提供
107,原住民重點學校-國小,花蓮,花蓮縣富里鄉學田國民小學,http://www.stps.hlc.edu.tw/,03-8831324,wtg451@hlc.edu.tw
107,原住民重點學校-國小,花蓮,花蓮縣壽豐鄉壽豐國民小學,http://www.sfops.hlc.edu.tw/,03-8651024,暫無資料提供
107,原住民重點學校-國小,花蓮,花蓮縣壽豐鄉水璉國民小學,http://www.sulps.hlc.edu.tw/,03-8601228,tangshengyuan@yahoo.com.tw
107,原住民重點學校-國小,花蓮,花蓮縣秀林鄉水源國民小學,http://www.syps.hlc.edu.tw/,03-8570781,暫無資料提供
107,原住民重點學校-國小,花蓮,花蓮縣吉安鄉吉安國民小學,http://www.gaps.hlc.edu.tw/,03-8523984,暫無資料提供
107,原住民重點學校-國小,南投,南投縣仁愛鄉仁愛國民小學,http://www.raes.ntct.edu.tw/bin/home.php,049-2802373　,暫無資料提供
107,原住民重點學校-國小,南投,南投縣仁愛鄉萬豐國民小學,http://www.wfps.ntct.edu.tw/bin/home.php,049-2974123,暫無資料提供
107,原住民重點學校-國小,南投,南投縣信義鄉潭南國民小學,http://www.tnps.ntct.edu.tw/bin/home.php,049-2741381 ,暫無資料提供
107,原住民重點學校-國小,南投,南投縣仁愛鄉發祥國民小學,http://www.fsnps.ntct.edu.tw/bin/home.php,049-2955030 ,暫無資料提供
107,原住民重點學校-國小,南投,南投縣仁愛鄉廬山國民小學,http://www.lsps.ntct.edu.tw/bin/home.php,049-2970385          ,暫無資料提供
107,原住民重點學校-國小,南投,南投縣魚池鄉德化國民小學,http://www.dchps.ntct.edu.tw/bin/home.php, 049-2850441,t01331@mail.edu.tw
107,原住民重點學校-國小,南投,南投縣信義鄉地利國民小學,http://www.dlps.ntct.edu.tw/bin/home.php,049-2741254       ,暫無資料提供
107,原住民重點學校-國小,南投,南投縣仁愛鄉南豐國民小學,http://www.nfps.ntct.edu.tw/bin/home.php,049-2920037 ,暫無資料提供
107,原住民重點學校-國小,南投,南投縣信義鄉新鄉國民小學,http://www.sses.ntct.edu.tw/bin/home.php,049-2831591     ,暫無資料提供
107,原住民重點學校-國小,南投,南投縣信義鄉羅娜國民小學,http://www.lnps.ntct.edu.tw/bin/home.php,049-2831327 ,暫無資料提供
107,原住民重點學校-國小,南投,南投縣信義鄉同富國民小學,http://www.tfups.ntct.edu.tw/bin/home.php,049-2701503,暫無資料提供
107,原住民重點學校-國小,南投,南投縣仁愛鄉中正國民小學,http://www.ccheps.ntct.edu.tw/bin/home.php,049-2925114,暫無資料提供
107,原住民重點學校-國小,南投,南投縣信義鄉信義國民小學,http://www.hips.ntct.edu.tw/bin/home.php,049-2791263 　,暫無資料提供
107,原住民重點學校-國小,南投,南投縣仁愛鄉都達國民小學,http://a178.ntct.edu.tw/bin/home.php,049-297 0053,暫無資料提供
107,原住民重點學校-國小,南投,南投縣仁愛鄉春陽國民小學,http://www.cwps.ntct.edu.tw/bin/home.php,049-2802573　,暫無資料提供
107,原住民重點學校-國小,南投,南投縣信義鄉豐丘國民小學,http://www.fcps.ntct.edu.tw/bin/home.php,049-2791723 ,暫無資料提供
107,原住民重點學校-國小,南投,南投縣仁愛鄉互助國民小學,http://www.hgps.ntct.edu.tw/bin/home.php,049-2941016 ,暫無資料提供
107,原住民重點學校-國小,南投,南投縣仁愛鄉合作國民小學,http://www.hzps.ntct.edu.tw/bin/home.php, 049-2970063  ,暫無資料提供
107,原住民重點學校-國小,南投,南投縣仁愛鄉紅葉國民小學,http://www.hyps.ntct.edu.tw/bin/home.php,049-2955075 ,暫無資料提供
107,原住民重點學校-國小,南投,南投縣信義鄉久美國民小學,http://www.jmps.ntct.edu.tw/bin/home.php,049-2831506,2831506@gmail.com  
107,原住民重點學校-國小,南投,南投縣信義鄉東埔國民小學,http://www.tpups.ntct.edu.tw/bin/home.php,049-2701340  ,暫無資料提供
107,原住民重點學校-國小,南投,南投縣仁愛鄉法治國民小學,http://www.fzps.ntct.edu.tw/bin/home.php,049-2977061,暫無資料提供
107,原住民重點學校-國小,南投,南投縣仁愛鄉力行國民小學,http://www.lhes.ntct.edu.tw/bin/home.php,049-2955078     ,暫無資料提供
107,原住民重點學校-國小,南投,南投縣仁愛鄉清境國民小學,http://www.cgps.ntct.edu.tw/bin/home.php,049-2802572　,暫無資料提供
107,原住民重點學校-國小,南投,南投縣信義鄉雙龍國民小學,http://www.sles.ntct.edu.tw/bin/home.php,049-2741325,暫無資料提供
107,原住民重點學校-國小,南投,南投縣仁愛鄉親愛國民小學,http://163.22.147.1/school/,049-2974033,暫無資料提供
107,原住民重點學校-國小,南投,南投縣信義鄉人和國民小學,http://www.zhes.ntct.edu.tw/bin/home.php,049-2773259 ,暫無資料提供
107,原住民重點學校-國小,屏東,屏東縣牡丹鄉石門國民小學,https://sites.google.com/view/kapanan/,08-883-1005 ,暫無資料提供
107,原住民重點學校-國小,屏東,屏東縣獅子鄉內獅國民小學,http://www.nses.ptc.edu.tw,08-8720003,暫無資料提供
107,原住民重點學校-國小,屏東,屏東縣三地門鄉青山國民小學,http://web.chses.ptc.edu.tw/,08-7962493,ks2493@ms65.hinet.net
107,原住民重點學校-國小,屏東,屏東縣春日鄉春日國民小學,https://sites.google.com/a/crps.ptc.edu.tw/ping-dong-xian-chun-ri-guo-xiao-quan-qiu-zi-xun-wang/,08-8782433 ,暫無資料提供
107,原住民重點學校-國小,屏東,屏東縣來義鄉古樓國民小學,https://sites.google.com/a/ghes.ptc.edu.tw/gulou-web/home/zui-xin-xiao-xi/zui-xin-gong-gao,08-7850281,暫無資料提供
107,原住民重點學校-國小,屏東,屏東縣春日鄉力里國民小學,https://sites.google.com/a/lles.ptc.edu.tw/lles-index/,08-8791020 ,kit12178@lles.ptc.edu.tw
107,原住民重點學校-國小,屏東,屏東縣獅子鄉丹路國民小學,http://web.dles.ptc.edu.tw/,08-8771455,暫無資料提供
107,原住民重點學校-國小,屏東,屏東縣地磨兒民族實驗小學 ,https://timur.tw/,08-7991462 ,admin@timur.tw
107,原住民重點學校-國小,屏東,屏東縣來義鄉南和國民小學,http://163.24.98.140/,08-8791263 ,暫無資料提供
107,原住民重點學校-國小,屏東,屏東縣內埔鄉黎明國民小學,https://sites.google.com/a/lmps.ptc.edu.tw/home/zong-wu-chu,08-7701200　 ,tunghsien@lmps.ptc.edu.tw
107,原住民重點學校-國小,屏東,屏東縣獅子鄉草埔國民小學,http://web.cpps.ptc.edu.tw/,08-8701449,暫無資料提供
107,原住民重點學校-國小,屏東,屏東縣三地門鄉口社國民小學,http://c002.ptc.edu.tw/,08-7956495,暫無資料提供
107,原住民重點學校-國小,屏東,屏東縣來義鄉望嘉國民小學,http://web.wcps.ptc.edu.tw/,08-7981383,暫無資料提供
107,原住民重點學校-國小,屏東,屏東縣泰武鄉萬安國民小學 ,https://sites.google.com/site/ptcwaps/,08-7831902 ,暫無資料提供
107,原住民重點學校-國小,屏東,屏東縣滿州鄉滿州國民小學,http://web.mjps.ptc.edu.tw/,08-8801162,暫無資料提供
107,原住民重點學校-國小,屏東,屏東縣來義鄉來義國民小學,https://sites.google.com/a/lyps.ptc.edu.tw/lyps/,08-7850411,暫無資料提供
107,原住民重點學校-國小,屏東,屏東縣泰武鄉武潭國民小學,http://web.wtes.ptc.edu.tw/,08-7833179,vavui2001@gmail.com
107,原住民重點學校-國小,屏東,屏東縣瑪家鄉佳義國民小學,https://sites.google.com/a/jyps.ptc.edu.tw/jia-yi-guo-xiao-new/,08-7990038,jy014@jyps.ptc.edu.tw
107,原住民重點學校-國小,屏東,屏東縣牡丹鄉高士國民小學,http://web.gses.ptc.edu.tw/,08-8810246,暫無資料提供
107,原住民重點學校-國小,屏東,屏東縣三地門鄉青葉國民小學,http://www.cyes.ptc.edu.tw/,08-796-1997　,暫無資料提供
107,原住民重點學校-國小,屏東,屏東縣獅子鄉楓林國民小學,http://163.24.119.10/user.php,08-8771371,暫無資料提供
107,原住民重點學校-國小,屏東,屏東縣來義鄉文樂國民小學,http://web.welps.ptc.edu.tw/Joomla/,08-7891836 ,暫無資料提供
107,原住民重點學校-國小,屏東,屏東縣滿州鄉長樂國民小學,http://163.24.95.140/,08-8811045 ,暫無資料提供
107,原住民重點學校-國小,屏東,屏東縣牡丹鄉牡丹國民小學,http://163.24.82.161/wordpress/,08-8830065,暫無資料提供
107,原住民重點學校-國小,屏東,屏東縣瑪家鄉北葉國民小學,http://www.loxa.edu.tw/schoolweb/view/index.php?WebID=427&schnum=134746&MainType=HOME,08-7991649,暫無資料提供
107,原住民重點學校-國小,屏東,屏東縣瑪家鄉長榮百合國民小學,http://web.eles.ptc.edu.tw/school/web/index.php,08-7997253 ,eles@web.eles.ptc.edu.tw
107,原住民重點學校-國小,屏東,屏東縣泰武鄉泰武國民小學,http://www.loxa.edu.tw/schoolweb/view/index.php?WebID=309&schnum=134752&MainType=0&SubType=103&MainMenuId=17112&SubMenuId=17113&NowMainId=17112&NowSubId=17113,08-7920063,暫無資料提供
107,原住民重點學校-國小,屏東,屏東縣三地門鄉賽嘉國民小學,https://sites.google.com/a/sces.ptc.edu.tw/ping-dong-xian-sai-jia-guo-xiao/home,08-7992220,暫無資料提供
107,原住民重點學校-國小,屏東,屏東縣春日鄉古華國民小學,https://sites.google.com/a/ghps.ptc.edu.tw/web/,08-8781040 ,暫無資料提供
107,原住民重點學校-國小,屏東,屏東縣滿州鄉永港國民小學,http://163.24.61.140/htdocs/,08-8801125,暫無資料提供
107,原住民重點學校-國小,屏東,屏東縣霧台鄉霧臺國民小學,http://wutai.wutps.ptc.edu.tw/,08-7902230 ,wt59vavauni@wutps.ptc.edu.tw
107,原住民重點學校-國小,苗栗,苗栗縣泰安鄉梅園國民小學,https://www.my.mlc.edu.tw/,037-962146,暫無資料提供
107,原住民重點學校-國小,苗栗,苗栗縣獅潭鄉永興國民小學,https://www.yungshinges.mlc.edu.tw/,037-931292    ,暫無資料提供
107,原住民重點學校-國小,苗栗,苗栗縣南庄鄉東河國民小學,https://www.donghe.mlc.edu.tw/,037-823423,暫無資料提供
107,原住民重點學校-國小,苗栗,苗栗縣泰安鄉象鼻國民小學,https://www.cnbe.mlc.edu.tw/,037-96 2270,暫無資料提供
107,原住民重點學校-國小,苗栗,苗栗縣泰安鄉泰興國民小學,http://www.tses.mlc.edu.tw/,037-992852,暫無資料提供
107,原住民重點學校-國小,苗栗,苗栗縣泰安清安國民小學,https://www.ca.mlc.edu.tw/,037-941042,暫無資料提供
107,原住民重點學校-國小,苗栗,苗栗縣泰安鄉士林國民小學,https://www.shlines.mlc.edu.tw/,037-962050  ,暫無資料提供
107,原住民重點學校-國小,苗栗,苗栗縣南庄鄉蓬萊國民小學,https://www.penla.mlc.edu.tw/,037-823385,暫無資料提供
107,原住民重點學校-國小,苗栗,栗縣南庄鄉南庄國民小學,https://www.nanjuanges.mlc.edu.tw/,037-822007   ,暫無資料提供
107,原住民重點學校-國小,苗栗,苗栗縣泰安鄉汶水國民小學,https://web.ws.mlc.edu.tw/,037-941619   ,暫無資料提供
107,原住民重點學校-國小,桃園,桃園市復興區長興國民小學,http://www.cses.tyc.edu.tw/index.php,03-3822178,暫無資料提供
107,原住民重點學校-國小,桃園,桃園市復興區光華國民小學,http://www.khes.tyc.edu.tw/,03-3912325,暫無資料提供
107,原住民重點學校-國小,桃園,桃園市大溪區僑愛國民小學,http://www.caes.tyc.edu.tw/,03-3801896,暫無資料提供
107,原住民重點學校-國小,桃園,桃園市復興區介壽國民小學,http://www.jses.tyc.edu.tw/,03-3822364,暫無資料提供
107,原住民重點學校-國小,桃園,桃園市復興區霞雲國民小學,https://www.hyps.tyc.edu.tw/,03-3822224,暫無資料提供
107,原住民重點學校-國小,桃園,桃園市復興區奎輝國民小學,http://www.khps.tyc.edu.tw/,03-3822177,暫無資料提供
107,原住民重點學校-國小,桃園,"桃園市復興區羅浮國民小學
(含高坡分校)",http://www.lfes.tyc.edu.tw/,03-3822269,暫無資料提供
107,原住民重點學校-國小,桃園,桃園市復興區三光國民小學,http://www.skes.tyc.edu.tw/,03-3912230,暫無資料提供
107,原住民重點學校-國小,桃園,桃園市復興區義盛國民小學,http://www.ysps.tyc.edu.tw/,03-3822787,暫無資料提供
107,原住民重點學校-國小,桃園,桃園市復興區巴崚國民小學,http://www.bles.tyc.edu.tw/,03-3912131,暫無資料提供
107,原住民重點學校-國小,桃園,桃園市復興區三民國民小學,http://www.sames.tyc.edu.tw/,03-3825294,暫無資料提供
107,原住民重點學校-國小,桃園,桃園市復興區高義國民小學,http://www.gyes.tyc.edu.tw/,03-3912313,暫無資料提供
107,原住民重點學校-國小,高雄,高雄市桃源區桃源國民小學,http://www.typ.ks.edu.tw/,07-6861045  ,暫無資料提供
107,原住民重點學校-國小,高雄,高雄市那瑪夏區民權國民小學,http://www.loxa.edu.tw/schoolweb.html?webId=417,07-6701129,暫無資料提供
107,原住民重點學校-國小,高雄,高雄市茂林區多納國民小學,http://www.dn.ks.edu.tw/,07-2624407,暫無資料提供
107,原住民重點學校-國小,高雄,高雄市桃源區興中國民小學,http://www.szu.ks.edu.tw/,07-6881850,暫無資料提供
107,原住民重點學校-國小,高雄,高雄市杉林區巴楠花部落小學,http://www.mzu.ks.edu.tw/,07-6776031,暫無資料提供
107,原住民重點學校-國小,高雄,高雄市那瑪夏區民生國民小學,http://school.kh.edu.tw/index.php?WebID=128,07-6701233  ,暫無資料提供
107,原住民重點學校-國小,高雄,高雄市桃源區樟山國民小學,http://www.zas.ks.edu.tw/,07-6866118  ,暫無資料提供
107,原住民重點學校-國小,高雄,高雄市桃源區建山國民小學,https://sites.google.com/a/zs.ks.edu.tw/web2/,07-6881134,kszs1970@zs.ks.edu.tw　
107,原住民重點學校-國小,高雄,高雄市桃源區寶山國民小學,http://www.bs.ks.edu.tw/,07-6891728,暫無資料提供
107,原住民重點學校-國小,高雄,高雄市茂林區茂林國民小學,http://www.mlp.ks.edu.tw/,07-6801043 ,暫無資料提供
107,原住民重點學校-國小,基隆,基隆市中正區八斗國民小學,https://www.bdps.kl.edu.tw,02-24693391,暫無資料提供
107,原住民重點學校-國小,新北,新北市三峽區三峽國民小學,http://www.shps.ntpc.edu.tw/,02-26711018 ,暫無資料提供
107,原住民重點學校-國小,新北,新北市汐止區樟樹國民小學,https://www.tctes.ntpc.edu.tw/,02-26421407,暫無資料提供
107,原住民重點學校-國小,新北,新北市烏來區福山國民小學,https://www.fses.ntpc.edu.tw/,02-26616124,暫無資料提供
107,原住民重點學校-國小,新北,新北市樹林區大同國民小學,http://www.ttps.ntpc.edu.tw/,02-86865486,暫無資料提供
107,原住民重點學校-國小,新竹,新竹縣五峰鄉五峰國民小學,http://www.wfes.hcc.edu.tw/bin/home.php,03-5851007,暫無資料提供
107,原住民重點學校-國小,新竹,新竹縣尖石鄉玉峰國民小學,http://www.yfes.hcc.edu.tw/bin/home.php,03-5847278,hs02050@gapp.hcc.edu.tw
107,原住民重點學校-國小,新竹,新竹縣尖石鄉新光國民小學,http://www.hkps.hcc.edu.tw/bin/home.php,03-5847706,暫無資料提供
107,原住民重點學校-國小,新竹,新竹縣尖石鄉新樂國民小學,http://www.hles.hcc.edu.tw/bin/home.php,03-5841500,暫無資料提供
107,原住民重點學校-國小,新竹,新竹縣尖石鄉石磊國民小學,http://www.sles.hcc.edu.tw/bin/home.php,03-5847001,暫無資料提供
107,原住民重點學校-國小,新竹,新竹縣尖石鄉嘉興國民小學,http://www.jsps.hcc.edu.tw/bin/home.php,03-5841004,暫無資料提供
107,原住民重點學校-國小,新竹,新竹縣竹東鎮大同國民小學,http://www.dtes.hcc.edu.tw/bin/home.php,03-5961160,暫無資料提供
107,原住民重點學校-國小,新竹,新竹縣尖石鄉秀巒國民小學,http://www.slps.hcc.edu.tw/bin/home.php,03-5847500,暫無資料提供
107,原住民重點學校-國小,新竹,新竹縣尖石鄉尖石國民小學,http://www.gsps.hcc.edu.tw/bin/home.php,03-5841563,暫無資料提供
107,原住民重點學校-國小,新竹,新竹縣五峰鄉桃山國民小學,http://www.tses.hcc.edu.tw/bin/home.php,03-5856040,暫無資料提供
107,原住民重點學校-國小,新竹,新竹縣尖石鄉錦屏國民小學,http://www.gpes.hcc.edu.tw/bin/home.php,03-5841633,暫無資料提供
107,原住民重點學校-國小,新竹,新竹縣竹東鎮竹東國民小學,http://www.cdes.hcc.edu.tw/bin/home.php,03-5962025,hs13053@mail.edu.tw
107,原住民重點學校-國小,新竹,新竹縣五峰鄉花園國民小學,http://www.hyes.hcc.edu.tw/bin/home.php,03-5851091,暫無資料提供
107,原住民重點學校-國小,新竹,新竹縣尖石鄉梅花國民小學,http://www.mhes.hcc.edu.tw/,03-5841501,暫無資料提供
107,原住民重點學校-國小,新竹,新竹縣竹東鎮上館國民小學,http://163.19.59.11/school/web/index.php,03-5103777,"hs1128@mail.edu.tw
"
107,原住民重點學校-國小,嘉義,嘉義縣阿里山鄉茶山國民小學,http://www.chses.cyc.edu.tw/,05-2513014 ,chses@mail.cyc.edu.tw 
107,原住民重點學校-國小,嘉義,嘉義縣阿里山鄉十字國民小學,http://www.shtps.cyc.edu.tw/,05-2511340 ,shtps@mail.cyc.edu.tw
107,原住民重點學校-國小,嘉義,嘉義縣阿里山鄉山美國民小學,http://www.smes.cyc.edu.tw/,05-2586520,暫無資料提供
107,原住民重點學校-國小,嘉義,嘉義縣阿里山鄉新美國民小學,http://www.shmps.cyc.edu.tw/,05-2513015,暫無資料提供
107,原住民重點學校-國小,嘉義,嘉義縣阿里山鄉來吉國民小學,http://www.ljes.cyc.edu.tw/,05-2661232 ,ljes@mail.cyc.edu.tw
107,原住民重點學校-國小,嘉義,嘉義縣阿里山鄉達邦國民小學,http://www.dbps.cyc.edu.tw/,05-2511017 ,dbps@mail.cyc.edu.tw
107,原住民重點學校-國小,臺中,臺中市和平區平等國民小學,http://www.pdes.tc.edu.tw/school/web/,04-25802204  ,暫無資料提供
107,原住民重點學校-國小,臺中,臺中市和平區博愛國民小學,http://www.baes.tc.edu.tw/,04-25943446,暫無資料提供
107,原住民重點學校-國小,臺中,臺中市和平區自由國民小學,https://www.yyps.tc.edu.tw/,04-25911342 ,暫無資料提供
107,原住民重點學校-國小,臺中,臺中市和平區白冷國民小學,http://www.plps.tc.edu.tw/,04-25941184,暫無資料提供
107,原住民重點學校-國小,臺中,臺中市博屋瑪國民小學,http://www.baes.tc.edu.tw/index2.asp?theme=229,04-25911487 ,webmaster@tges.tc.edu.tw
107,原住民重點學校-國小,臺中,臺中市和平區和平國民小學,http://www.hpps.tc.edu.tw/,04-25941304,暫無資料提供
107,原住民重點學校-國小,臺東,臺東縣達仁鄉安朔國民小學 ,http://www.asps.ttct.edu.tw/bin/home.php,089-702257 ,暫無資料提供
107,原住民重點學校-國小,臺東,臺東縣池上鄉大坡國民小學 ,http://www.dpps.ttct.edu.tw/bin/home.php,089-862664,暫無資料提供
107,原住民重點學校-國小,臺東,臺東縣蘭嶼鄉朗島國民小學 ,http://www.lodps.ttct.edu.tw/bin/home.php,089-732109,暫無資料提供
107,原住民重點學校-國小,臺東,臺東縣達仁鄉臺坂國民小學 ,http://www.tabps.ttct.edu.tw/bin/home.php,089-761252,暫無資料提供
107,原住民重點學校-國小,臺東,臺東縣鹿野鄉永安國民小學 ,http://www.yaps.ttct.edu.tw/bin/home.php,089-551172,yaps550462@gmail.com
107,原住民重點學校-國小,臺東,臺東縣東河鄉東河國民小學 ,http://www.thps.ttct.edu.tw/bin/home.php,089-896160,暫無資料提供
107,原住民重點學校-國小,臺東,臺東縣關山鎮德高國民小學 ,http://www.dgps.ttct.edu.tw/bin/home.php,089-931149,暫無資料提供
107,原住民重點學校-國小,臺東,臺東縣海端鄉崁頂國民小學 ,http://www.kdps.ttct.edu.tw/bin/home.php,089-811447   ,fa641@kdps.ttct.edu.tw
107,原住民重點學校-國小,臺東,臺東縣臺東市岩灣國民小學 ,http://www.yups.ttct.edu.tw/bin/home.php,089-223415,暫無資料提供
107,原住民重點學校-國小,臺東,臺東縣臺東市卑南國民小學 ,http://www.bnps.ttct.edu.tw/bin/home.php,089-223096,暫無資料提供
107,原住民重點學校-國小,臺東,臺東縣長濱鄉樟原國民小學 ,暫無資料提供,089-881019,暫無資料提供
107,原住民重點學校-國小,臺東,臺東縣東河鄉都蘭國民小學 ,http://www.thes.ttct.edu.tw/bin/home.php,089-531224,dlc531224@thes.ttct.edu.tw
107,原住民重點學校-國小,臺東,臺東縣海端鄉霧鹿國民小學 ,http://www.wulps.ttct.edu.tw/bin/home.php,089-935053　,暫無資料提供
107,原住民重點學校-國小,臺東,臺東縣池上鄉萬安國民小學 ,http://www.waes.ttct.edu.tw/front/bin/home.phtml,089-862371,暫無資料提供
107,原住民重點學校-國小,臺東,臺東縣海端鄉廣原國民小學 ,http://www.gyps.ttct.edu.tw/bin/home.php,089-862923　,暫無資料提供
107,原住民重點學校-國小,臺東,臺東縣金峰鄉嘉蘭國民小學 ,http://www.jles.ttct.edu.tw/bin/home.php,089-751224,kang857@gmail.com
107,原住民重點學校-國小,臺東,臺東縣金峰鄉賓茂國民小學 ,http://www.bmps.ttct.edu.tw/bin/home.php,089-771007,暫無資料提供
107,原住民重點學校-國小,臺東,臺東縣蘭嶼鄉東清國民小學 ,http://210.240.139.91/school/web/index.php,089-732989,minyam71@gmail.com
107,原住民重點學校-國小,臺東,臺東縣金峰鄉新興國民小學 ,http://www.shsps.ttct.edu.tw/bin/home.php,089-781687 ,shsps2012@gmail.com
107,原住民重點學校-國小,臺東,臺東縣鹿野鄉瑞源國民小學 ,http://www.ryes.ttct.edu.tw/bin/home.php,089-581064 ,暫無資料提供
107,原住民重點學校-國小,臺東,臺東縣關山鎮月眉國民小學 ,http://w3.ymps.ttct.edu.tw/,089-811074,暫無資料提供
107,原住民重點學校-國小,臺東,臺東縣卑南鄉大南國民小學 ,https://www.facebook.com/%E5%8F%B0%E6%9D%B1%E7%B8%A3%E5%8D%91%E5%8D%97%E9%84%89%E5%A4%A7%E5%8D%97%E5%9C%8B%E6%B0%91%E5%B0%8F%E5%AD%B8-462676000741410,089-38 2402,暫無資料提供
107,原住民重點學校-國小,臺東,臺東縣成功鎮信義國民小學 ,http://www.syips.ttct.edu.tw/bin/home.php,089-841029 ,暫無資料提供
107,原住民重點學校-國小,臺東,臺東縣卑南鄉賓朗國民小學 ,http://www.blps.ttct.edu.tw/front/bin/home.phtml,089-224129 ,暫無資料提供
107,原住民重點學校-國小,臺東,臺東縣長濱鄉竹湖國民小學 ,http://www.jhes.ttct.edu.tw/front/bin/home.phtml,089-831295　,暫無資料提供
107,原住民重點學校-國小,臺東,臺東縣關山鎮關山國民小學 ,http://www.ksps.ttct.edu.tw/front/bin/home.phtml,089-811012,暫無資料提供
107,原住民重點學校-國小,臺東,臺東縣臺東市豐榮國民小學 ,http://210.240.112.240/xoop/htdocs/modules/tad_player/play.php?psn=26,089-32 3353,暫無資料提供
107,原住民重點學校-國小,臺東,臺東縣臺東市豐里國民小學 ,http://www.flps.ttct.edu.tw/bin/home.php,089-324040　 ,暫無資料提供
107,原住民重點學校-國小,臺東,臺東縣延平鄉紅葉國民小學 ,http://www.hyps.ttct.edu.tw/bin/home.php,089-561015　 ,"hyps@dove.ttct.edu.tw 
"
107,原住民重點學校-國小,臺東,臺東縣海端鄉錦屏國民小學 ,http://www.jpps.ttct.edu.tw/bin/home.php,089-861762　 ,暫無資料提供
107,原住民重點學校-國小,臺東,臺東縣卑南鄉利嘉國民小學 ,http://www.ljps.ttct.edu.tw/bin/home.php,089-38 0121,暫無資料提供
107,原住民重點學校-國小,臺東,臺東縣關山鎮電光國民小學 ,http://www.tkes.ttct.edu.tw/front/bin/home.phtml,089-951142,暫無資料提供
107,原住民重點學校-國小,臺東,臺東縣太麻里鄉香蘭國民小學 ,http://www.slps.ttct.edu.tw/bin/home.php,089-781505,暫無資料提供
107,原住民重點學校-國小,臺東,臺東縣大武鄉尚武國民小學 ,http://www.swps.ttct.edu.tw/bin/home.php,089-791458,暫無資料提供
107,原住民重點學校-國小,臺東,臺東縣臺東市南王Puyuma花環實驗小學,https://www.facebook.com/puyuma.takesian,089-223203,暫無資料提供
107,原住民重點學校-國小,臺東,臺東縣海端鄉海端國民小學 ,http://hdps.boe.ttct.edu.tw/bin/home.php,089-931184　 ,"hdps931184@ms.hdps.ttct.edu.tw
"
107,原住民重點學校-國小,臺東,臺東縣長濱鄉三間國民小學 ,http://www.sjps.ttct.edu.tw/front/bin/home.phtml,089-831306,ohieao2002@gmail.com
107,原住民重點學校-國小,臺東,臺東縣卑南鄉太平國民小學 ,http://www.tpps.ttct.edu.tw/bin/home.php,089-381418,暫無資料提供
107,原住民重點學校-國小,臺東,臺東縣臺東市富岡國民小學 ,http://www.fgps.ttct.edu.tw/bin/home.php,089-281352,暫無資料提供
107,原住民重點學校-國小,臺東,臺東縣成功鎮忠孝國民小學 ,http://www.jsps.ttct.edu.tw/,089-871109,mitnick1441@hotmail.com
107,原住民重點學校-國小,臺東,臺東縣鹿野鄉瑞豐國民小學 ,http://www.rfps.ttct.edu.tw/bin/home.php,089-581118,暫無資料提供
107,原住民重點學校-國小,臺東,臺東縣海端鄉初來國民小學 ,http://www.clips.ttct.edu.tw/bin/home.php,089-931049 ,暫無資料提供
107,原住民重點學校-國小,臺東,臺東縣土坂vusam文化實驗小學 ,https://sites.google.com/a/tbps.ttct.edu.tw/103xue-nian-du-tu-ban-guo-xiao-jiao-yu-huo-ban/,089-761225 ,暫無資料提供
107,原住民重點學校-國小,臺東,臺東縣延平鄉武陵國民小學 ,http://www.wlps.ttct.edu.tw/bin/home.php,089-551249,wlps@dove.ttct.edu.tw
107,原住民重點學校-國小,臺東,臺東縣東河鄉北源國民小學 ,http://www.pyes.ttct.edu.tw/bin/home.php,089-891103  ,pengchinfu@dove.ttct.edu.tw
107,原住民重點學校-國小,臺東,臺東縣臺東市新園國民小學 ,http://syps.boe.ttct.edu.tw/bin/home.php,089-382590,暫無資料提供
107,原住民重點學校-國小,臺東,臺東縣海端鄉加拿國民小學 ,http://www.jnps.ttct.edu.tw/bin/home.php,089-811108　 ,aida10109@yahoo.com.tw
107,原住民重點學校-國小,臺東,臺東縣成功鎮三民國民小學 ,"http://smps.boe.ttct.edu.tw/files/15-1116-43485,c2117-1.php?Lang=zh-tw",089-851024,暫無資料提供
107,原住民重點學校-國小,臺東,臺東縣太麻里大溪國民小學 ,http://www.dsps.ttct.edu.tw/bin/home.php,089-76 1017,暫無資料提供
107,原住民重點學校-國小,臺東,臺東縣臺東市豐田國民小學 ,http://www.ftps.ttct.edu.tw/bin/home.php,089-380345,暫無資料提供
107,原住民重點學校-國小,臺東,臺東縣長濱鄉寧埔國民小學 ,http://www.nbps.ttct.edu.tw/bin/home.php,089-801082,暫無資料提供
107,原住民重點學校-國小,臺東,臺東縣卑南鄉富山國民小學 ,http://www.fses.ttct.edu.tw/bin/home.php,089-281086,ccw17322@dove.ttct.edu.tw
107,原住民重點學校-國小,臺東,臺東縣蘭嶼鄉蘭嶼國民小學 ,http://www.laps.ttct.edu.tw/files/11-1075-18.php?Lang=zh-tw,089-731576 ,暫無資料提供
107,原住民重點學校-國小,臺東,臺東縣延平鄉桃源國民小學 ,https://toyps.github.io/guest/,089-561275,toyps@dove.ttct.edu.tw 
107,原住民重點學校-國小,臺東,臺東縣東河鄉興隆國民小學 ,http://www.slops.ttct.edu.tw/bin/home.php,089-531283　 ,暫無資料提供
107,原住民重點學校-國小,臺東,臺東縣太麻里鄉大王國民小學 ,http://www.dwps.ttct.edu.tw/bin/home.php,089-781342,暫無資料提供
107,原住民重點學校-國小,臺東,臺東縣長濱鄉長濱國民小學,暫無資料提供,089-831038,暫無資料提供
107,原住民重點學校-國小,臺東,臺東縣臺東市豐年國民小學 ,http://boefnps.blogspot.com/,089-226733,taitungfnps@gmail.com
107,原住民重點學校-國小,臺東,臺東縣金峰鄉介達國民小學 ,http://jdes.boe.ttct.edu.tw/front/bin/home.phtml,089-781583,暫無資料提供
107,原住民重點學校-國小,臺東,臺東縣東河鄉泰源國民小學 ,http://www.tyes.ttct.edu.tw/bin/home.php,089-891011,u853020@dove.ttct.edu.tw
107,原住民重點學校-國小,臺東,臺東縣臺東市建和國民小學 ,http://www.jhps.ttct.edu.tw/bin/home.php,089-512381 ,144616.admin@ttct.edu.tw  
107,原住民重點學校-國小,臺東,臺東縣臺東市知本國民小學 ,http://www.jbps.ttct.edu.tw/bin/home.php, 089-512234,airfish@ms8.hinet.net
107,原住民重點學校-國小,臺東,臺東縣延平鄉鸞山國民小學 ,http://www.lsps.ttct.edu.tw/bin/home.php,089-568027　 ,暫無資料提供
107,原住民重點學校-國小,臺東,臺東縣成功鎮三仙國民小學 ,http://www.sasps.ttct.edu.tw/bin/home.php,089-851960,暫無資料提供
107,原住民重點學校-國小,臺東,臺東縣大武鄉大武國民小學 ,http://www.twps.ttct.edu.tw/bin/home.php,089-791135,twps105@gmail.com
107,原住民重點學校-國小,臺東,臺東縣卑南鄉初鹿國民小學 ,http://www.clps.ttct.edu.tw/bin/home.php,089-571027,暫無資料提供
107,原住民重點學校-國小,臺東,臺東縣大武鄉大鳥國民小學 ,http://www.danps.ttct.edu.tw/bin/home.php,089-791530,jn1700@gmal.com
107,原住民重點學校-國小,臺東,臺東縣鹿野鄉鹿野國民小學 ,http://lyes.boe.ttct.edu.tw/files/11-1081-1.php?Lang=zh-tw,089-551371,lyes551371@gmail.com 　
107,原住民重點學校-國小,臺東,臺東縣蘭嶼鄉椰油國民小學 ,http://www.yyps.ttct.edu.tw/front/bin/home.phtml,089-732017,暫無資料提供
107,原住民重點學校-國小,臺東,臺東縣臺東市康樂國民小學 ,http://210.240.112.1/school_utf8/web/index.php,089-226131  ,暫無資料提供
